KMBA	#	Latin
আমার মন চাইছে বলতে নতুন রূপে রূপান্তরিত	1	In nova fert animus mutatas dicere formas
বস্তুর কথা; রূপ বদলের রূপকার হে সব দেবতা,	2	corpora; di, coeptis (nam vos mutastis et illas)
আমার মহাকাব্য অনুপ্রাণিত করে অবাধে বহাও	3	adspirate meis primaque ab origine mundi
মহাবিশ্বের শুরু থেকে আমাদের বর্তমান অবধি।	4	ad mea perpetuum deducite tempora carmen.
		
সমুদ্র মাটি আর সব-ঘেরা আকাশের জন্মের আগে	5	Ante mare et terras et quod tegit omnia caelum
দুনিয়ার সবখানে প্রকৃতি দেখাত কেবল এক রূপ,	6	unus erat toto naturae vultus in orbe,
যার নাম কেয়স: খাপছাড়া জিনিসের রুক্ষ পিণ্ড,	7	quem dixere chaos: rudis indigestaque moles
এক গাদা অচেতন পদার্থ যার বেমানান মৌলের	8	nec quicquam nisi pondus iners congestaque eodem
পরস্পরবিরোধী সব বীজ এক জঞ্জালে একাকার।	9	non bene iunctarum discordia semina rerum.
তখনো পৃথিবীতে আলো দেয়নি সূর্যদেবতা টাইটান,	10	nullus adhuc mundo praebebat lumina Titan,
তখনো চিকন শিং নতুন করত না চাঁদের দেবী ফিবি,	11	nec nova crescendo reparabat cornua Phoebe,
তখনো পৃথিবী তার নিজের ওজনে শূন্যের মাঝখানে 	12	nec circumfuso pendebat in aere tellus
ঝুলতে শুরু করেনি, আর সমুদ্রের দেবী আম্ফিত্রিতি	13	ponderibus librata suis, nec bracchia longo
দিঘল দুই বাহু দিয়ে জড়িয়ে ধরেনি মাটির সীমান্ত;	14	margine terrarum porrexerat Amphitrite;
জল স্থল আর অন্তরীক্ষ যে তখন ছিল না তা নয়,	15	utque aer, tellus illic et pontus et aether.
তবে সেই স্থল ছিল অস্থির, জল সাঁতারের অযোগ্য,	16	Sic erat instabilis tellus, innabilis unda,
বাতাস অন্ধকার; এক রূপে সুস্থির থাকত না কিছু,	17	lucis egens aer: nulli sua forma manebat,
সবার সাথে সবার দ্বন্দ্ব, কারণ এক দেহের ভিতরে	18	obstabatque aliis aliud, quia corpore in uno
যুদ্ধ করত গরমের সাথে শীত আর শুষ্কের সাথে	19	frigida pugnabant calidis, umentia siccis,
সিক্ত, কঠিনের সাথে কোমল আর হালকার সাথে ভারী।	20	mollia cum duris, sine pondere habentia pondus.
		
এক খোদা (বা আরো দয়াল প্রকৃতি) এই বিরোধ মিটান,	21	Hanc deus et melior litem natura diremit.
তিনি ছিন্ন করেন আকাশ থেকে মাটি, মাটি থেকে সাগর;	22	Nam caelo terras et terris abscidit undas,
ঘন বায়ুমণ্ডল থেকে তরল মহাশূন্য আলাদা করেন।	23	et liquidum spisso secrevit ab aere caelum.
যখন অন্ধ স্তূপ থেকে সব ভাগ করে মুক্ত করেন,	24	Quae postquam evolvit caecoque exemit acervo,
যার যার জায়গায় সবাই সুরেলা বন্ধনে বাঁধা পড়ে।	25	dissociata locis concordi pace ligavit.
আগুনের মত ভরহীন উপাদান ইথার সবার আগে	26	Ignea convexi vis et sine pondere caeli
এক লাফে স্বর্গের ছাদে অধিকার করে তার জমি,	27	emicuit summaque locum sibi fecit in arce:
ওজনের দিক দিয়ে তার ঠিক পরে আসে বাতাসের স্থান,	28	proximus est aer illi levitate locoque:
মাটি এর চেয়ে ভারী, সে অন্য সব ভারী উপাদান নিয়ে	29	densior his tellus, elementaque grandia traxit
নিজের ভারে সবার কেন্দ্রে আসন গাড়ে, সব-ঘেরা জল	30	et pressa est gravitate sua: circumfluus umor
শেষ জায়গাটা নিয়ে আবৃত করে রাখে কঠিন ভূমিকে।	31	ultima possedit solidumque coercuit orbem.
		
এভাবে সেই দেবতা (তা তিনি যিনিই হন) জগৎ সাজান,	32	Sic ubi dispositam quisquis fuit ille deorum
কেয়সকে ভাগ করে অংশগুলোর বিবাদ দূর করেন,	33	congeriem secuit sectamque in membra redegit,
এবং সবার আগে এক বিশাল গোলক হিসেবে পৃথিবী	34	principio terram, ne non aequalis ab omni
তৈরি করেন যাতে তা এক রকম হয় সব দিক থেকে।	35	parte foret, magni speciem glomeravit in orbis.
তারপর জলকে আদেশ করেন ছড়িয়ে পড়তে, ঝড়ের	36	Tum freta diffudit rapidisque tumescere ventis
টানে উত্তাল হয়ে পৃথিবীর সব তীর ঘেরাও করতে।	37	iussit et ambitae circumdare litora terrae.
তিনি বানিয়েছিলেন সচল ঝরনা, নিশ্চল দিঘি হ্রদ,	38	Addidit et fontes et stagna inmensa lacusque
দু-পারের পাহারায় বেঁধেছিলেন নিম্নগামী সব নদী,	39	fluminaque obliquis cinxit declivia ripis,
শত ধারায় ধাবিত যাদের পানি কিছুটা শুষে নেয় মাটি,	40	quae, diversa locis, partim sorbentur ab ipsa,
আর বাকিটা সাগরে ছুটে যায়, আরো বিপুল আরো অবাধ	41	in mare perveniunt partim campoque recepta
বন্যার সাথে মিলে তীরের বদলে ভেঙে পড়ে উপকূলে।	42	liberioris aquae pro ripis litora pulsant.
তারপর তার আদেশে সমতল ছড়ায়, অবতল নামে,	43	Iussit et extendi campos, subsidere valles,
পাথুরে পাহাড় জেগে উঠে, অরণ্য পরে সবুজ কাপড়।	44	fronde tegi silvas, lapidosos surgere montes.
আর আকাশ যেমন ডানে দুই বামে দুই ভাগে বিভক্ত	45	Utque duae dextra caelum totidemque sinistra
আর মাঝখানে পঞ্চম অঞ্চল সবার চেয়ে তপ্ত,	46	parte secant zonae, quinta est ardentior illis,
তেমনি পরিবৃত পৃথিবীর তল পাঁচ ভাগে ভাগ হয়	47	sic onus inclusum numero distinxit eodem
স্রষ্টার ইচ্ছায়—ভূত্বকে সমান সংখ্যক রেখা আঁকা।	48	cura dei, totidemque plagae tellure premuntur.
কেন্দ্রের এলাকায় থাকা যায় না বেশি গরমের কারণে,	49	Quarum quae media est, non est habitabilis aestu:
দুই মেরুতে তুষার, বাকি দুই ভাগ তিনি মাঝখানে রেখে	50	nix tegit alta duas: totidem inter utrumque locavit
নাতিশীতোষ্ণ জলবায়ু দেন তাপের সাথে শীত মিশিয়ে।	51	temperiemque dedit mixta cum frigore flamma.
		
এদের উপর চাপিয়েছিলেন বায়ুপথ, যা অগ্নিময়	52	Inminet his aer. Qui quanto est pondere terrae,
ইথারের চেয়ে তত ভারী পানির চাইতে মাটি যত ভারী।	53	pondere aquae levior tanto est onerosior igni.
সেখানেই তিনি জড়ো করেন মেঘ, জমা করেন কুহেলিকা,	54	Illic et nebulas, illic consistere nubes
মানুষের অন্তর থরথর কাঁপাতে লেলিয়ে দেন বজ্র,	55	iussit et humanas motura tonitrua mentes
আর বজ্র থেকে বিদ্যুৎ খসাতে লাগিয়ে দেন বাতাস।	56	et cum fulminibus facientes fulgura ventos.
বিশ্বকর্মা আকাশের সবখানে সব বায়ুকে ঘুরার	57	His quoque non passim mundi fabricator habendum
অনুমতি দেন নাই, এদেরকে এখনও ঠেকানো যায় না	58	aera permisit: vix nunc obsistitur illis,
যখন একেক এলাকায় রাজত্ব করা একেক বাতাস	59	cum sua quisque regant diverso flamina tractu,
বিশ্ব প্রায় ধ্বংস করে দেয়, ভায়ে ভায়ে এমন বিবাদ।	60	quin lanient mundum: tanta est discordia fratrum.
ইউরাস গিয়েছিল পূর্বে উষার দেশে, যেখানে ইরানি	61	Eurus ad Auroram Nabataeaque regna recessit
ও আরব পাহাড়ের চূড়ায় রশ্মি হানে ভোরের সূর্য;	62	Persidaque et radiis iuga subdita matutinis;
সূর্যাস্তের আলো যে সকল উপকূল আলোকিত করে	63	vesper et occiduo quae litora sole tepescunt,
সেই পশ্চিমে জেফারের রাজ্য; স্কিথিয়া আর উত্তর	64	proxima sunt Zephyro: Scythiam septemque triones
মেরু অধিকার করে বোরিয়াস; তার বিপরীতে দক্ষিণে	65	horrifer invasit Boreas: contraria tellus
অবিরাম কুয়াশা ও বৃষ্টিতে ভেজা দেশে থাকে অস্টার।	66	nubibus adsiduis pluviaque madescit ab Austro.
এই চার বাতাসের উপরে তিনি বসিয়েছিলেন ইথার,	67	Haec super inposuit liquidum et gravitate carentem
ওজনহীন তরল, যার মাঝে কোনো পার্থিব কণা নাই।	68	aethera nec quicquam terrenae faecis habentem.
		
এভাবে নির্দিষ্ট সীমানায় সব বাঁধতে না বাঁধতেই	69	Vix ita limitibus dissaepserat omnia certis,
এতকাল অন্ধকারের অন্তরালে লুকিয়ে থাকা সব	70	cum, quae pressa diu massa latuere sub illa,
তারা সারা মহাকাশ জুড়ে আগুনের মতো জ্বলা শুরু করে।	71	sidera coeperunt toto effervescere caelo.
আর প্রতিটি অঞ্চলকে যার যার যোগ্য জীবন দিতে	72	Neu regio foret ulla suis animalibus orba,
দেবতাদের রূপ ও তারামণ্ডল বাসা বাঁধে মহাকাশে,	73	astra tenent caeleste solum formaeque deorum,
ঝকঝকানো মাছের জন্য জায়গা করে দেয় সমুদ্র,	74	cesserunt nitidis habitandae piscibus undae,
মাটি পায় পশুদের, আর অবাধ বাতাস হয় পাখিদের।	75	terra feras cepit, volucres agitabilis aer.
এদের চেয়ে পবিত্র, মনের দিক দিয়ে আরো মহীয়ান	76	Sanctius his animal mentisque capacius altae
কোনো প্রাণী ছিল না যে বাকি সবাইকে শাসন করতে পারে।	77	deerat adhuc et quod dominari in cetera posset.
তখন মানুষ হলো—হয় নিজের দৈব বীজ থেকে তাকে	78	Natus homo est, sive hunc divino semine fecit
বানিয়েছিলেন আরো ভালো এই বিশ্বের বিধানকর্তা,	79	ille opifex rerum, mundi melioris origo,
অথবা এই মাত্র ইথার থেকে আলাদা হওয়া মৃদু মাটি	80	sive recens tellus seductaque nuper ab alto
(যার তখনো আত্মীয়তা রয়ে গেছে মহাশূন্যের সাথে)	81	aethere cognati retinebat semina caeli;
হাতে নিয়ে তার সাথে পানি মিশিয়ে ইয়াপিটাসের পুত্র	82	quam satus Iapeto mixtam pluvialibus undis
বানিয়েছিলেন সর্বনিয়ন্ত্রক দেবতাদের আদল।	83	finxit in effigiem moderantum cuncta deorum.
যেখানে অন্য সব প্রাণী মাথা ঝুলিয়ে রাখে মাটির দিকে	84	Pronaque cum spectent animalia cetera terram,
সেখানে মানুষকে দিয়েছেন উন্নত শির, যা আকাশে তুলে	85	os homini sublime dedit, caelumque videre
চোখ তাক করতে বলেছেন তারাখচিত খিলানের দিকে।	86	iussit et erectos ad sidera tollere vultus.
যে মাটি অতীতে ছিল রূপহীন রসহীন তাকে এইভাবে	87	Sic, modo quae fuerat rudis et sine imagine, tellus
ঢালাই করে দিয়েছিলেন মানুষের নতুন অচিন রূপ।	88	induit ignotas hominum conversa figuras.
		
স্বর্ণযুগ ছিল প্রথম যুগ, যখন আইন না থাকলেও	89	Aurea prima sata est aetas, quae vindice nullo,
মানুষ স্বাধীন ইচ্ছায় নীতি ছাড়া ন্যায়ের পূজা করত।	90	sponte sua, sine lege fidem rectumque colebat.
শাস্তির ভয় ছিল না, মানুষ পড়ত না ব্রঞ্জে খোদাই	91	Poena metusque aberant, nec verba minantia fixo
করা হুমকির বাণী, বিচারকের সামনে হাঁটু গাড়ত না	92	aere legebantur, nec supplex turba timebat
শঙ্কিত অপরাধী, জজ ছাড়াই সবাই ছিল নিরাপদ।	93	iudicis ora sui, sed erant sine vindice tuti.
পাহাড়ের ভরা গাল থেকে কেটে নিয়ে কোনো পাইন গাছ	94	Nondum caesa suis, peregrinum ut viseret orbem,
বিদেশের উদ্দেশে ভাসানো হয়নি সাগরের তরঙ্গে,	95	montibus in liquidas pinus descenderat undas,
মানুষ তার নিজের কূল ছাড়া আর কোনো তীর চিনত না।	96	nullaque mortales praeter sua litora norant.
গভীর পরিখা দিয়ে ঘেরাও করা হয়নি কোনো শহর,	97	Nondum praecipites cingebant oppida fossae;
ছিল না পিতলের সরল তুর্য, ছিল না বক্র শিঙা,	98	non tuba directi, non aeris cornua flexi,
ছিল না শিরস্ত্রাণ, ছিল না কৃপাণ, সৈনিক লাগত না,	99	non galeae, non ensis erat: sine militis usu
যুদ্ধ ছিল না বলে সব দেশ ছিল নিরাপদ অবসরে।	100	mollia securae peragebant otia gentes.
মাটিতে মই চলত না, লাঙল তাকে ধর্ষণ করেনি,	101	ipsa quoque inmunis rastroque intacta nec ullis
পৃথিবী স্বেচ্ছায় নিজের মাধ্যমে ক্ষুধা মিটাত সবার;	102	saucia vomeribus per se dabat omnia tellus;
বিনা চেষ্টায় পাওয়া খাবারে সন্তুষ্ট মানুষ তখন	103	contentique cibis nullo cogente creatis
পাড়ত আর্বুটাস গাছ থেকে ফল, বুনো পাহাড়ি স্ট্রবেরি,	104	arbuteos fetus montanaque fraga legebant
তুলত কাঁটা গাছের ঝোপে লেপটিয়ে থাকা দুর্লভ চেরি,	105	cornaque et in duris haerentia mora rubetis
কুড়াত জুপিটারের ঝাঁকড়া ওক গাছ থেকে পড়া একর্ন।	106	et quae deciderant patula Iovis arbore glandes.
অনন্ত ছিল বসন্ত, নরম জেফারের গরম শ্বাস	107	Ver erat aeternum, placidique tepentibus auris
মাটি থেকে কোনো বীজ ছাড়া জন্মানো ফুলে আদর বুলাত।	108	mulcebant zephyri natos sine semine flores.
কুমারী পৃথিবীর পেটে আবার এসেছিল শ্যামল শস্য,	109	Mox etiam fruges tellus inarata ferebat,
গমের শিষের ভারে অনাবাদি মাঠক্ষেত হয়েছিল সাদা;	110	nec renovatus ager gravidis canebat aristis;
এখানে বয় দুধের নদী, ওখানে ফুল থেকে মধুর ধারা,	111	flumina iam lactis, iam flumina nectaris ibant,
সবুজ ওকের ত্বক থেকে চুঁয়ে চুঁয়ে পড়ে স্বর্ণালি মধু।	112	flavaque de viridi stillabant ilice mella.
		
যখন স্যাটার্ন তার্তারসের অন্ধকারে বন্দি হন	113	Postquam, Saturno tenebrosa in Tartara misso,
জগৎ আসে জোভের অধীনে, শুরু হয় রুপার প্রজন্ম,	114	sub Iove mundus erat, subiit argentea proles,
সোনার চেয়ে অনেক খারাপ কিন্তু ব্রঞ্জের চেয়ে দামী।	115	auro deterior, fulvo pretiosior aere.
জুপিটার সনাতন বসন্তকে সংকুচিত করে আরো	116	Iuppiter antiqui contraxit tempora veris
তিনটা ঋতু বানান, শীত গ্রীষ্ম আর খেয়ালি হেমন্ত,	117	perque hiemes aestusque et inaequalis autumnos
ছোট বসন্ত নিয়ে তখন এক বছরে হয় চার ঋতু।	118	et breve ver spatiis exegit quattuor annum.
তখন প্রথম গরমে ঝলসানো বাতাস জ্বলজ্বল করে	119	Tum primum siccis aer fervoribus ustus
ভয়ানক তাপে, আর শীতল বাতাসে ঝুলে হিমেল বরফ।	120	canduit, et ventis glacies adstricta pependit.
তখন প্রথম বাড়ি বানানো হয়েছিল (বাড়ি ছিল গুহায়	121	Tum primum subiere domus (domus antra fuerunt
বা ঘন ঝোপঝাড়ে বাকল দিয়ে কোনমতে বাঁধা ডালপালা)।	122	et densi frutices et vinctae cortice virgae).
তখনি বোনা হয় ফসলের বীজ ক্ষেতের দীর্ঘ সীতায়	123	Semina tum primum longis Cerealia sulcis
সিরিসের বরে, আর কাঁধে জোয়ালের ভারে গোঙায় বলদ।	124	obruta sunt, pressique iugo gemuere iuvenci.
অতঃপর ব্রঞ্জের বংশ নিয়ে এসেছিল তৃতীয় যুগ,	125	Tertia post illam successit aenea proles,
মানুষ আরো হিংস্র ছিল, গড়েছিল ভয়ংকর অস্ত্র,	126	saevior ingeniis et ad horrida promptior arma,
কিন্তু পাপী ছিল না। সব শেষে এলো কঠিন লোহার যুগ।	127	non scelerata tamen. De duro est ultima ferro.
		
আরো অধম ধাতুর এই কলিযুগে সব ধরনের পাপ	128	Protinus inrupit venae peioris in aevum
জগতে ছড়িয়ে পড়ে; পালায় সত্য বিনয় ও বিশ্বাস,	129	omne nefas: fugere pudor verumque fidesque;
তাদের খালি জায়গা দখল করে মিথ্যা আর কপটতা,	130	In quorum subiere locum fraudesque dolique
প্রতারণা, ক্ষমতার জোর, সম্পদের লোভে সহিংসতা।	131	insidiaeque et vis et amor sceleratus habendi.
জাহাজের পাল উঠে (নাবিক তখনো ভালো চালাতে জানে না),	132	Vela dabat ventis (nec adhuc bene noverat illos)
যেই সব পাইন গাছ আগে পাহাড়ের চূড়া ঘিরে রেখেছিল	133	navita; quaeque diu steterant in montibus altis,
তারা জাহাজের তলি হয়ে আছড়ে পড়ে তরঙ্গের বুকে,	134	fluctibus ignotis insultavere carinae,
যে ভূমি আগে সবার সাধারণ সম্পদ ছিল আলো আর	135	communemque prius ceu lumina solis et auras
বাতাসের মতো তার বুকে আমিন আঁকেন সীমান্তরেখা।	136	cautus humum longo signavit limite mensor.
বিপুলা বসুধা যে খাবার ও ফসল দিত মানুষ তাতেও আর	137	Nec tantum segetes alimentaque debita dives
তুষ্ট থাকে না, আরো পাওয়ার লোভে পৃথিবীর গর্ভ খুড়ে	138	poscebatur humus, sed itum est in viscera terrae:
স্টিক্স নদীর বিষণ্ণ ছায়ায় অনেক দিন ধরে লুকানো	139	quasque recondiderat Stygiisque admoverat umbris,
সব সম্পদ বের করে এনে অমঙ্গল উস্কে দেয়।	140	effodiuntur opes, inritamenta malorum.
লোহা ক্ষতিকর, কিন্তু আরো মারাত্মক সোনাও তখন	141	Iamque nocens ferrum ferroque nocentius aurum
খনন করা হয়, শুরু হয় যুদ্ধ যাতে দুইটাই লাগে,	142	prodierat: prodit bellum, quod pugnat utroque,
এই বার মানুষের রক্তাক্ত হাতে কাঁপে মারণাস্ত্র।	143	sanguineaque manu crepitantia concutit arma.
তারা লুট করে খায়: রক্ষা পায় না হোস্টের থেকে গেস্ট,	144	Vivitur ex rapto: non hospes ab hospite tutus,
জামাই থেকে শ্বশুড়, ভায়ে ভায়ে সদ্ভাব দেখাই যায় না।	145	non socer a genero; fratrum quoque gratia rara est.
বরের মরণ চায় বউ, আর বউ চায় মরুক জামাই,	146	Inminet exitio vir coniugis, illa mariti;
খুনের নেশায় সৎ মা পেয়ালায় মিশায় বীভৎস বিষ,	147	lurida terribiles miscent aconita novercae;
জ্যোতিষীর কাছে যায় পুত্র পিতার মৃত্যুদিন জানতে।	148	filius ante diem patrios inquirit in annos.
মর্তে ধার্মিকতা হার মানে, রক্তভেজা এই মাটির	149	Victa iacet pietas, et virgo caede madentis,
শেষ অমর্ত্য কুমারী আস্ত্রিয়াও আতঙ্কে চলে যান।	150	ultima caelestum terras Astraea reliquit.
		
পৃথিবীর চেয়ে নিরাপদ ছিল না তখন ইথারের দেশ,	151	Neve foret terris securior arduus aether,
লোকে বলে দানবের দল স্বর্গের ছাদ ছোঁয়ার জন্য	152	adfectasse ferunt regnum caeleste Gigantas
পাহাড়ের উপরে পাহাড় উঠিয়েছিল তারা পর্যন্ত।	153	altaque congestos struxisse ad sidera montes.
সর্বশক্তিমান পিতা অবশেষে অলিম্পাসে হানেন	154	Tum pater omnipotens misso perfregit Olympum
তার বজ্র, ওসার উপর থেকে আছড়ে পড়ে পিলিয়ন।	155	fulmine et excussit subiectae Pelion Ossae.
এক দানবের তলে পিষ্ট হয় আরেক দানবের লাশ,	156	Obruta mole sua cum corpora dira iacerent,
মা পৃথিবী তার সন্তানের গরম রক্তে গোসল করে,	157	perfusam multo natorum sanguine Terram
শোনা যায়, সেই রক্তকেই দিয়েছিলেন নতুন জীবন,	158	inmaduisse ferunt calidumque animasse cruorem,
এবং তার আগের বংশের স্মৃতি একেবারে মুছে দিতে	159	et, ne nulla suae stirpis monimenta manerent,
এদেরকে দেন মানুষের রূপ। কিন্তু নতুনরাও ঘৃণা	160	in faciem vertisse hominum. Sed et illa propago
করত দেবতাদের, আগের মতোই নিষ্ঠুর ও হিংস্র	161	contemptrix superum saevaeque avidissima caedis
তারা ছিল জিঘাংসু: বুঝাই যেত যে রক্তের সন্তান।	162	et violenta fuit: scires e sanguine natos.
		
স্যাটার্নের পুত্র দেবপতি উঁচু কেল্লা থেকে তা দেখে	163	Quae pater ut summa vidit Saturnius arce,
আর্তনাদ করেন, তার মনে পড়ে সম্প্রতি ঘটে যাওয়া	164	ingemit et, facto nondum vulgata recenti,
লোকের অজানা এক ঘটনা: লিকায়নের বীভৎস ভোজ;	165	foeda Lycaoniae referens convivia mensae,
মনে পড়ায় জোভের যোগ্য ক্রোধে উন্মত্ত হয়ে তিনি	166	ingentes animo et dignas Iove concipit iras,
দেবতাদের মিটিং ডাকেন: আসতেও দেরি করেনি কেউ।	167	conciliumque vocat: tenuit mora nulla vocatos.
আকাশ পরিষ্কার থাকলে রাতে স্পষ্ট দেখা যায় এক	168	Est via sublimis, caelo manifesta sereno:
দুধের নদী, শাদা জ্যোতির জন্য বিখ্যাত মিল্কিওয়ে।	169	lactea nomen habet, candore notabilis ipso.
এই পথ ধরেই দেবতারা সব সময় আসেন বজ্র-	170	Hac iter est superis ad magni tecta Tonantis
ধরের রাজবাড়িতে। এই সড়কের ডানে ও বামে আর্য	171	regalemque domum. Dextra laevaque deorum
দেবতাদের প্রাসাদে বিশাল দরজা খোলা, অতিথির ভিড়,	172	atria nobilium valvis celebrantur apertis
(অনার্য দেবতারা অন্যত্র থাকে) সবচেয়ে শক্তিমান	173	(plebs habitat diversa locis): hac parte potentes
ও মহান দেবদেবী এইখানে যার যার বাড়ি করেছেন।	174	caelicolae clarique suos posuere penates.
সাহসের সাথে যা ইচ্ছা তা বলতে পারলে এই পাড়াকে	175	Hic locus est, quem, si verbis audacia detur,
স্বর্গের প্যালাটাইন বলতে একটুও দ্বিধা করতাম না।	176	haud timeam magni dixisse Palatia caeli.
সুতরাং যখন মার্বেলের দরবারে সব দেবতা বসেন,	177	Ergo ubi marmoreo superi sedere recessu,
আর জিউস সবার উপরে তার আইভরির সেপ্টারে	178	celsior ipse loco sceptroque innixus eburno
ভর দিয়ে ভয়াবহ ঝাঁকড়া চুল ঝাঁকান তিন চার বার,	179	terrificam capitis concussit terque quaterque
সে ঝাঁকিতে পৃথিবী সমুদ্র নক্ষত্র সব কেঁপে উঠে।	180	caesariem, cum qua terram, mare, sidera movit.
তখন তার ক্রুদ্ধ ঠোঁট থেকে বের হয়েছিল এই কথা:	181	Talibus inde modis ora indignantia solvit:
		
‘আগে কখনো আমার মহাবিশ্বের জন্য দুশ্চিন্তা	182	“Non ego pro mundi regno magis anxius illa
হয়নি এত, এমনকি যখন দানবেরা সাপের মতো পা	183	tempestate fui, qua centum quisque parabat
ফেলে একশ হাতে আকাশ আঁকড়াতে চাচ্ছিল তখনো না।	184	inicere anguipedum captivo bracchia caelo.
সেই শত্রু অনেক ভয়ানক ছিল নিঃসন্দেহে, তবে	185	Nam quamquam ferus hostis erat, tamen illud ab uno
অন্তত জানতাম সব এটাক আসছে একখান থেকে।	186	corpore et ex una pendebat origine bellum.
এখন এ পৃথিবীর যতখানে নিরিয়াসের নাদ শোনা যায়	187	Nunc mihi, qua totum Nereus circumsonat orbem,
সবখানে মানুষকে ধ্বংস করতে হবে: আমি প্রতিজ্ঞা	188	perdendum est mortale genus: per flumina iuro
করছি পাতালে স্টিক্সের বাগান ধোয়া সব নদীর নামে!	189	infera, sub terras Stygio labentia luco!
রোগের নিরাময়ের জন্য সব চেষ্টা করেছি, সারেনি,	190	cuncta prius temptata: sed inmedicabile corpus
এখন চালাতে হবে ছুরি, যাতে না ছড়ায় সুস্থ অংশে।	191	ense recidendum est, ne pars sincera trahatur.
ভাবতে হবে দেবযোনি গ্রামদেবতা আর পরীদের কথা,	192	Sunt mihi semidei, sunt rustica numina, nymphae
বনের ফন স্যাটার আর পর্বতবাসী প্রেতদের কথা:	193	faunique satyrique et monticolae silvani:
আমরা এদের আসমানে থাকার যোগ্য মনে করি নাই,	194	quos quoniam caeli nondum dignamur honore,
তাই অন্তত জমিনকে ভূতের বাসযোগ্য রাখা চাই।	195	quas dedimus certe terras habitare sinamus.
তোমাদের মনে হয়, আমার দেবতারা, যে তারা নিরাপদ	196	An satis, o superi, tutos fore creditis illos,
থাকবে যেখানে বিদ্যুতের বিধাতা, দোজাহানের মালিক	197	cum mihi, qui fulmen, qui vos habeoque regoque,
এই আমাকে ফাঁদে ফেলার প্ল্যান করে জানোয়ার লিকায়ন?’	198	struxerit insidias notus feritate Lycaon?”
		
কম্পিত সব দেব গর্জন করে উঠে এ বেইমানির	199	Confremuere omnes studiisque ardentibus ausum
উচিত শাস্তি দাবী করে। দেশদ্রোহীর দল সিজারের	200	talia deposcunt. Sic, cum manus inpia saevit
রক্ত ঝরিয়ে যেদিন রোমের নাম মুছে দিতে চেয়েছিল	201	sanguine Caesareo Romanum exstinguere nomen,
পরম ধ্বংসের ভয়ানক আশঙ্কায় স্তম্ভিত এই	202	attonitum tanto subitae terrore ruinae
মর্তের সব মানুষ সেদিন ঠিক এভাবেই কেঁপেছিল।	203	humanum genus est totusque perhorruit orbis:
এবং প্রজার পূজা তোমাকে, অগাস্টাস, যে তুষ্টি দেয়	204	nec tibi grata minus pietas, Auguste, tuorum est,
জোভও তেমন তুষ্ট হয়েছিলেন। মুখের কথায় তিনি	205	quam fuit illa Iovi. Qui postquam voce manuque
সব স্তব্ধ করেন, হাত ইশারায় সব শান্ত করেন।	206	murmura conpressit, tenuere silentia cuncti.
তার গ্র্যাভিটির ভারে যখন সম্মেলনে মৌনতা নামে,	207	Substitit ut clamor pressus gravitate regentis,
তখন মহান জুপিটার নিজে আবার নীরবতা ভাঙেন:	208	Iuppiter hoc iterum sermone silentia rupit:
		
‘তার উচিত শাস্তি হয়ে গেছে, চিন্তার কিছু নাই আর।	209	“Ille quidem poenas, curam hanc dimittite, solvit.
কিন্তু তোমাদেরকে বলছি কি ছিল অপরাধ, কি শাস্তি।	210	Quod tamen admissum, quae sit vindicta, docebo.
এ যুগের সব কলুষের কথা আমাদের কানে এসেছিল;	211	Contigerat nostras infamia temporis aures;
তবে তা ভুল প্রমাণ করতে অলিম্পাস থেকে নেমে আমি	212	quam cupiens falsam summo delabor Olympo
দেবতা হয়েও মানুষের বেশে হেঁটে ঘুরি পৃথিবীর পথে।	213	et deus humana lustro sub imagine terras.
সবখানে কত পাপ দেখেছিলাম বলার সময় হবে না,	214	Longa mora est, quantum noxae sit ubique repertum,
যা শুনেছিলাম বাস্তবতা তার থেকেও অনেক খারাপ।	215	enumerare: minor fuit ipsa infamia vero.
পার হয়ে যাই মাইনালা যেখানে অনেক পশুর নিবাস,	216	Maenala transieram latebris horrenda ferarum
কিল্লিনি পার হই, লিকেয়ন পর্বতে দেখি পাইন বন;	217	et cum Cyllene gelidi pineta Lycaei:
সেইখান থেকে আর্কেডিয়ার স্বৈরাচারের রাজপুরে,	218	Arcadis hinc sedes et inhospita tecta tyranni
অতিথির প্রতিকূল তার প্রাসাদে যাই নিশা যখন নামে।	219	ingredior, traherent cum sera crepuscula noctem.
সংকেতে বুঝিয়েছিলাম আমি দেবতা, লোকজন পূজা	220	Signa dedi venisse deum, vulgusque precari
দিতে শুরু করেছিল, লিকায়ন তাদেরকে মশকরা করে,	221	coeperat: inridet primo pia vota Lycaon,
তারপর বলে: দেবতার পরীক্ষা হয়ে যাক, দেখি এর	222	mox ait ”experiar deus hic, discrimine aperto,
মৃত্যু আছে কি নাই, যাতে সত্য নিয়ে না থাকে সন্দেহ।	223	an sit mortalis. Nec erit dubitabile verum.”
		
‘তার জল্পনা ছিল রাতে ঘুমের সময় পুরা অচেতন	224	Nocte gravem somno necopina perdere morte
আমাকে খুন করবে, এই তার সত্যে পৌঁছানোর পথ।	225	me parat: haec illi placet experientia veri.
তবে কেবল তাতেই সন্তুষ্ট ছিল না, মলোসাস থেকে	226	Nec contentus eo est: missi de gente Molossa
পাঠানো এক দাসের গলা কাটে তার ধারালো ছুরিটা দিয়ে,	227	obsidis unius iugulum mucrone resolvit,
তারপর তার দেহ টুকরা টুকরা করে কয়েক টুকরা	228	atque ita semineces partim ferventibus artus
পানিতে সিদ্ধ করে, আর কয়েক টুকরা আগুনে পুড়ায়।	229	mollit aquis, partim subiecto torruit igni.
এই মাংস টেবিলে দিতেই আমার হিংস্র বজ্র হেনে	230	Quod simul inposuit mensis, ego vindice flamma
তার বাড়ি উপড়িয়ে ফেলি তার গৃহদেবতাদের উপর।	231	in domino dignos everti tecta penates.
সে ভয়ে পালায়, ঠাঁই খুঁজে মাঠের নিরাপদ নীরবতায়,	232	Territus ipse fugit, nactusque silentia ruris
গর্জন করে মুখে শব্দ আনতে চায়, মুখের কোণায়	233	exululat frustraque loqui conatur: ab ipso
ফেনা জমে উঠে, ঘন আক্রোশে তার সব জিঘাংসা হানে	234	conligit os rabiem, solitaeque cupidine caedis
পশুপালের উপর, এখনো রক্তেই সে আনন্দ পায়।	235	vertitur in pecudes et nunc quoque sanguine gaudet.
তার কাপড় বদলে হয় রুক্ষ পশম, হাত বদলে পা,	236	In villos abeunt vestes, in crura lacerti:
সে হয়ে যায় নেকড়ে, তবে মানুষের চিহ্ন তখনো ছিল:	237	fit lupus et veteris servat vestigia formae.
আগের মতোই তার চুল সাদা, চেহারায় সেই হিংস্রতা,	238	Canities eadem est, eadem violentia vultus,
শীতল চোখে জ্বলছে আগুন, সেই বর্বরতার মূর্তি।	239	idem oculi lucent, eadem feritatis imago est.
ধ্বস্ত হয়েছে একটা বাড়ি। আরো অনেক বাড়ির পাওনা	240	Occidit una domus. Sed non domus una perire
হয়ে গেছে ধ্বংস; সারা দুনিয়ায় ফিউরিদের রাজত্ব।	241	digna fuit: qua terra patet, fera regnat Erinys.
যেন মানুষ গুনাকে ফরজ মানে। যার যা পাওনা তাকে তা	242	In facinus iurasse putes. Dent ocius omnes
পেতেই হবে, শাস্তি অবধারিত, আমার এই শেষ কথা।’	243	quas meruere pati (sic stat sententia) poenas.”
		
শুনে কোনো কোনো দেবতা সরবে জিউসের আক্রোশে আরো	244	Dicta Iovis pars voce probant stimulosque frementi
ইন্ধন যোগ করে, কেউ কেউ নীরবে সমর্থন দেয়।	245	adiciunt, alii partes adsensibus inplent.
কিন্তু মানুষের প্রজাতি বিলুপ্ত হয়ে যাবে ভেবে মন	246	Est tamen humani generis iactura dolori
খারাপ হয় সবার, পৃথিবীর মানুষ ছাড়া ভবিষ্যৎ	247	omnibus, et, quae sit terrae mortalibus orbae
কি হবে চিন্তা হয়, ধূপ আর দীপ নিয়ে তাদের বেদিতে	248	forma futura, rogant, quis sit laturus in aras
কে আসবে, পৃথিবী কি লুটেরা পশুর হাতে ছেড়ে দেয়া হবে?	249	tura, ferisne paret populandas tradere terras.
সবার শঙ্কা বুঝে তাদেরকে আশ্বস্ত করেন পিতা,	250	Talia quaerentes (sibi enim fore cetera curae)
বলেন যে তিনি সব দেখবেন, আর নতুন এমন এক	251	rex superum trepidare vetat subolemque priori
প্রজাতি প্রমিজ করেন যাদের জন্ম হবে অলৌকিক।	252	dissimilem populo promittit origine mira.
		
এবং বজ্রে তিনি পুরা পৃথিবী পুড়াতে উদ্যত হন,	253	Iamque erat in totas sparsurus fulmina terras:
কিন্তু শঙ্কা হয়, না জানি আগুন লেগে যায় ইথারেও	254	sed timuit, ne forte sacer tot ab ignibus aether
আর পৃথিবীর সাথে পুড়তে শুরু করে পুরা মহাশূন্য,	255	conciperet flammas longusque ardesceret axis:
মনে পড়ে নিয়তির সে প্রেডিকশন: আসবে এমন দিন	256	esse quoque in fatis reminiscitur, adfore tempus,
যখন ঐ সাগর, ঐ ভূমি, এই আকাশের সব দেশ,	257	quo mare, quo tellus correptaque regia caeli
এত শৈল্পিক মহাবিশ্ব—সব পুড়ে হবে নিশ্চিহ্ন।	258	ardeat et mundi moles obsessa laboret.
ভেবে তিনি সাইক্লপ্সের হাতে গড়া বাজ সরিয়ে রাখেন;	259	Tela reponuntur manibus fabricata Cyclopum:
ভাবেন অন্য শাস্তির কথা, মানুষকে পানিতে ডুবিয়ে	260	poena placet diversa, genus mortale sub undis
মারবেন আকাশের সব মেঘ থেকে ঘন বৃষ্টি ঝরিয়ে।	261	perdere et ex omni nimbos demittere caelo.
সাথেসাথে উত্তর বায়ুকে আয়োলাসের গুহায় বাঁধেন,	262	Protinus Aeoliis Aquilonem claudit in antris
মেঘ তাড়ায় এমন আর সব বাতাস বন্দী করে শুধু	263	et quaecumque fugant inductas flamina nubes
নোটাসকে ছেড়ে দেন। ভেজা ডানায় দখিন বায়ু উড়ে যায়,	264	emittitque Notum. Madidis Notus evolat alis,
তার ভয়ংকর চেহারা ঢাকা পিচের মতো অন্ধকারে,	265	terribilem picea tectus caligine vultum:
বৃষ্টির ভারে ভারী তার দাড়ি, চুল বেয়ে পড়ে ঘন পানি,	266	barba gravis nimbis, canis fluit unda capillis;
কপালে জমেছে বিষাদের মেঘ, পানি হয়ে বইছে পোশাক।	267	fronte sedent nebulae, rorant pennaeque sinusque.
যখন সে নীচু কালো সব মেঘ চওড়া দু হাতে চেপে ধরে,	268	Utque manu late pendentia nubila pressit,
ক্র্যাশের শব্দ হয়; আকাশ ভেঙে পড়ে অঝর বর্ষণ।	269	fit fragor: hinc densi funduntur ab aethere nimbi.
এবং সাত রঙের কাপড় পরে জুনোর দূত আইরিস	270	Nuntia Iunonis varios induta colores
রংধনু পথে পানি আকাশে তুলে সতেজ রাখে মেঘদের।	271	concipit Iris aquas alimentaque nubibus adfert.
কৃষকের আশা হয়ে ফুটে উঠা পাকা শস্য সব নষ্ট	272	Sternuntur segetes et deplorata coloni
হয়ে যায় তার সারা বছরের শ্রম নিষ্ফল করে দিয়ে।	273	vota iacent, longique perit labor inritus anni.
		
জোভের আকাশে তার ক্রোধ নিবারণের মতন পানি নাই,	274	Nec caelo contenta suo est Iovis ira, sed illum
তাই তার নীল ভাই সাগরের পানি নিয়ে সহায় হলেন।	275	caeruleus frater iuvat auxiliaribus undis.
নৃশংস নেপচুন সব নদীকে আদেশ করেন আসতে	276	Convocat hic amnes. Qui postquam tecta tyranni
তার প্রাসাদে, আসলে শুধু বলেন, ‘সময় নাই ভাষণের,	277	intravere sui, “non est hortamine longo
যার যা আছে তাই নিয়ে ঝাপিয়ে পড়, এই শুধু দরকার,	278	nunc” ait “utendum. Vires effundite vestras:
খুলে দাও সব দ্বার, যার যত আলি বাঁধ আছে ভেঙে দাও,	279	sic opus est! aperite domos ac mole remota
সকলের সব নদী ছুটে যাক নির্বাধ আমার সাগরে!’	280	fluminibus vestris totas inmittite habenas!”
এই ছিল নির্দেশ; নদীরা বাড়িতে ফিরে সব ঝরনার	281	Iusserat; hi redeunt ac fontibus ora relaxant
মুখ খুলে দেয়, সবাই মুক্তি পেয়ে ধেয়ে যায় সমুদ্রে।	282	et defrenato volvuntur in aequora cursu.
সাগরের রাজা তার ত্রিশূল দিয়ে মাটিকে আঘাত করেন	283	Ipse tridente suo terram percussit: at illa
আর ভূমি মহাতঙ্কে খুলে দেয় আরো হাজার পানিপথ।	284	intremuit motuque vias patefecit aquarum.
অববাহিকার খোলা প্রান্তর পেয়ে সব পথে পানি ধায়	285	Exspatiata ruunt per apertos flumina campos
সাথে নিয়ে ফিগ গাছ, পশুদের পাল আর এদের রাখাল,	286	cumque satis arbusta simul pecudesque virosque
তাদের সাধের বাড়ি—ডুবে যায় গৃহদেবতার মন্দির।	287	tectaque cumque suis rapiunt penetralia sacris.
কোনো বাড়ি যদি টিকেও থাকে দৈব দুর্যোগ রোধ করে,	288	Siqua domus mansit potuitque resistere tanto
বিধ্বস্ত না হয়, তবুও ডুবে যায় তরঙ্গের তলে,	289	indeiecta malo, culmen tamen altior huius
তার সবচেয়ে উঁচু চূড়াটাও ঠাঁই খুঁজে পানির তলায়।	290	unda tegit, pressaeque latent sub gurgite turres.
এবং এখন স্থল আর জলে আর কোনো ব্যবধান নাই,	291	Iamque mare et tellus nullum discrimen habebant:
সবকিছুই সাগর, সব খানে সমুদ্র সৈকতহীন।	292	omnia pontus erant; deerant quoque litora ponto.
		
পাহাড়ে উঠে বাঁচতে চায় কেউ, কেউ কেউ নৌকায় উঠে	293	Occupat hic collem, cumba sedet alter adunca
সেখানে চালায় বৈঠা যেখানে একদিন চালাত লাঙল,	294	et ducit remos illic, ubi nuper ararat,
কেউ নিজের ক্ষেতের উপর কেউ নিজের বাড়ির উপর	295	ille supra segetes aut mersae culmina villae
দিয়ে পাল তুলে যায়, কেউ এল্মের শাখায় ধরছিল মাছ।	296	navigat, hic summa piscem deprendit in ulmo.
নৌকার নোঙ্গর মাঠের সবুজ ঘাসে আঁচড় কাটে, বা	297	Figitur in viridi, si fors tulit, ancora prato,
জাহাজের বাঁকা তলি বয়ে যায় কোনো আঙুরের ক্ষেত ছুঁয়ে।	298	aut subiecta terunt curvae vineta carinae;
একদিন যে-মাঠে ঘুরে ঘুরে ঘাস খেত সুকুমার ছাগল	299	et, modo qua graciles gramen carpsere capellae,
এখন সেখানে পড়ে আছে সিল মাছের কদাকার শরীর।	300	nunc ibi deformes ponunt sua corpora phocae.
জলের তলে নগর বাগান ও ঘরবাড়ি দেখে বিস্মিত	301	Mirantur sub aqua lucos urbesque domosque
নেরিয়াসের মেয়েরা, ওদিকে বন দখল করে ডলফিন	302	Nereides, silvasque tenent delphines et altis
খেলার ছলে ধাক্কা দিয়ে জোরে ঝাঁকায় ওকের ডালপালা।	303	incursant ramis agitataque robora pulsant.
নেকড়ে সাঁতরায় ভেড়ার সঙ্গে, সিংহ ভাসে তরঙ্গে,	304	Nat lupus inter oves, fulvos vehit unda leones,
তরঙ্গে ভাসে বাঘ, ভালুকের বিজলির মত বল নিষ্ফল,	305	unda vehit tigres, nec vires fulminis apro,
পানিতে আর কাজে লাগে না হরিণের পা, ভাসে, শুধুই ভাসে।	306	crura nec ablato prosunt velocia cervo.
পাখিরা অনেক দিন খুঁজছিল জিরানোর একটু জায়গা,	307	Quaesitisque diu terris, ubi sistere possit,
না পেয়ে এক সময় অবশ ডানায় হুমড়ে পড়ে সাগরে।	308	in mare lassatis volucris vaga decidit alis.
সব বাধ টুটে গেলে সাগর সব পাহাড় ঢেকে দিয়েছিল,	309	Obruerat tumulos inmensa licentia ponti,
পাহাড় চূড়ায় ভেঙে ভেঙে পড়ছিল অভূতপূর্ব ঢেউ।	310	pulsabantque novi montana cacumina fluctus.
অধিকাংশ মানুষ মরেছিল জলে ডুবে, যারা বেঁচে ছিল	311	Maxima pars unda rapitur; quibus unda pepercit,
তাদের মৃত্যু হয় ধীরে ধীরে ধুঁকে ধুঁকে ক্ষুধা তৃষ্ণায়।	312	illos longa domant inopi ieiunia victu.
		
বিওতিয়া থেকে ওতিয়ার ক্ষেতকে আলাদা করত ফোসিস	313	Separat Aonios Oetaeis Phocis ab arvis,
যা মাটি থাকতে বেশ উর্বর ছিল, এখন সমুদ্রের	314	terra ferax, dum terra fuit, sed tempore in illo
অংশ কেবল; কত বড় প্রদেশ কত দ্রুত তলিয়ে গেল!	315	pars maris et latus subitarum campus aquarum.
সেখানে পার্নেসাস নামের এক পাহাড় মেঘ ভেদ করে	316	Mons ibi verticibus petit arduus astra duobus,
তার দুই উঁচু খাড়া শিখর তুলে ধরেছে তারাদের দিকে।	317	nomine Parnasus, superantque cacumina nubes.
ডিউকেলিয়ন এখানে (কারণ আর সব পানি দিয়ে ঢাকা)	318	Hic ubi Deucalion (nam cetera texerat aequor)
ভিড়েছিল ছোটো এক ভেলায় তার বউ পিরাকে সাথে নিয়ে;	319	cum consorte tori parva rate vectus adhaesit,
নেমেই পূজা করে করিকিয়ান পরী ও পাহাড়ি দেবদের,	320	Corycidas nymphas et numina montis adorant
আর ওরাকলের মুখে ভবিষ্যৎ বলা দেবী থিমিসের।	321	fatidicamque Themin, quae tunc oracla tenebat.
তার চেয়ে ভালো আর ন্যায়পরায়ণ কোনো পুরুষ ছিল না,	322	Non illo melior quisquam nec amantior aequi
তার বউয়ের চেয়ে দেবতাভক্ত কোনো নারীও ছিল না।	323	vir fuit aut illa metuentior ulla deorum.
জুপিটার দেখলেন সারা পৃথিবী বদ্ধ জলাশয়ে ঢাকা,	324	Iuppiter ut liquidis stagnare paludibus orbem
শুধু এক জন পুরুষ বেঁচে আছে হাজার পুরুষের মাঝে	325	et superesse virum de tot modo milibus unum,
আর শুধু এক জন নারী বেঁচে আছে হাজার নারীর মাঝে,	326	et superesse videt de tot modo milibus unam,
দুজনেই নিষ্পাপ, দুজনেই দেবতার ভীরু উপাসক,	327	innocuos ambo, cultores numinis ambo,
দেখে তিনি সব মেঘ ছিঁড়ে তাড়ালেন উত্তর বায়ু দিয়ে	328	nubila disiecit nimbisque aquilone remotis
এবং দেখালেন পৃথিবীকে আকাশ ও আকাশকে পৃথিবী।	329	et caelo terras ostendit et aethera terris.
		
সমুদ্রের ক্রোধও আর ছিল না, তীক্ষ্ণ ত্রিশূল নামিয়ে	330	Nec maris ira manet, positoque tricuspide telo
রেখে সাগরের রাজা তার পানিবাহিনীকে শান্ত করেন,	331	mulcet aquas rector pelagi supraque profundum
এবং ডাকেন সাগরের মতো নীল দেবতা ট্রাইটনকে,	332	exstantem atque umeros innato murice tectum
যে গভীর থেকে দুই কাঁধে ঝিনুকের ঝাঁক নিয়ে উঠে আসে;	333	caeruleum Tritona vocat conchaeque sonanti
তাকে বলেন শঙ্খ বাজিয়ে সব ঊর্মি ও নদীকে ফিরে	334	inspirare iubet fluctusque et flumina signo
যাওয়ার হুকুম দিতে। সে তুলে ধরে তার ফাঁপা শাঁখের তুরি,	335	iam revocare dato. Cava bucina sumitur illi,
যা নিচ থেকে উপরে ঘূর্ণির মতো ঘুরে ঘুরে ব্যাসে বাড়ে,	336	tortilis, in latum quae turbine crescit ab imo,
যাতে মাঝ সমুদ্র থেকে ফুৎকার দিলে সূর্যদেবতা	337	bucina, quae medio concepit ubi aera ponto,
এপোলোর পথ পূব থেকে পশ্চিম তক ঝংকৃত হয়।	338	litora voce replet sub utroque iacentia Phoebo.
যখন এই শঙ্খ তরল দাড়িতে ভেজা ঠোঁটে চেপে ধরে	339	Tunc quoque, ut ora dei madida rorantia barba
দেবতা আদেশমতো ফুঁক দিয়ে সবাইকে ফিরে যেতে বলে,	340	contigit et cecinit iussos inflata receptus,
ভূমি ও সমুদ্রের সবখানে সব পানি তা শুনতে পায়	341	omnibus audita est telluris et aequoris undis,
এবং যার কানেই যায় সে-ই তার প্রবাহ দমন করে।	342	et quibus est undis audita, coercuit omnes.
এখন সমুদ্রের আছে তীর, উতলা নদীর দুই পার,	343	Iam mare litus habet, plenos capit alveus amnes,
বন্যার পানি নেমে যাওয়ায় আবার জেগে উঠে পর্বত,	344	flumina subsidunt collesque exire videntur,
সাথে জাগে সমতল ভূমি, পানি যত নামে মাটি তত উঠে,	345	surgit humus, crescunt loca decrescentibus undis,
অনেক দিনের পরে আবার নগ্ন হয় বনের চাঁদোয়া,	346	postque diem longam nudata cacumina silvae
তখনো গাছের পাতা দেখা যায় মেখে আছে বন্যার কাদা।	347	ostendunt limumque tenent in fronde relictum.
		
বিশ্ব মুক্তি পেয়েছিল। তবে ডিউকেলিয়ন যখন দেখল	348	Redditus orbis erat. Quem postquam vidit inanem
জনমানবশূন্য সারা জগৎ জুড়ে নিবিড় নীরবতা	349	et desolatas agere alta silentia terras,
তখন চোখের জলে ভেসে পিরার দিকে তাকিয়ে বলেছিল:	350	Deucalion lacrimis ita Pyrrham adfatur obortis:
‘আমার বোন, আমার বউ, মৃত্তিকার একমাত্র মেয়ে,	351	“O soror, o coniunx, o femina sola superstes,
পরিবার বংশ ও বাসরের বিছানা আমাদেরকে আগে	352	quam commune mihi genus et patruelis origo,
একত্র করছিল, এখন এক করছে এই দুর্যোগ,	353	deinde torus iunxit, nunc ipsa pericula iungunt,
পৃথিবীর সানসেট থেকে সানরাইজ পর্যন্ত মাটিতে	354	terrarum, quascumque vident occasus et ortus,
শুধু আমরা দুজন আছি, বাকিদেরকে সাগর নিয়ে গেছে।	355	nos duo turba sumus; possedit cetera pontus.
তার উপর এখনো এইখানে আমাদের জীবনের দাবী	356	Haec quoque adhuc vitae non est fiducia nostrae
অনিশ্চিত, এখনো ভয় লাগতেছে ঐ সব মেঘ দেখে।	357	certa satis; terrent etiam nunc nubila mentem.
যদি ভাগ্য আমাকে ছাড়া উদ্ধার করত শুধু তোমাকে,	358	Quis tibi, si sine me fatis erepta fuisses,
কেমন লাগত রে অভাগী? এমন আতঙ্ক এত একা	359	nunc animus, miseranda, foret? quo sola timorem
কেমনে সহ্য করতা? কে তোমার দুঃখে সান্ত্বনা দিত?	360	ferre modo posses? quo consolante doleres?
কারণ (বিশ্বাস করো) সমুদ্র তোমারে যদি কেড়ে নিত,	361	Namque ego (crede mihi) si te quoque pontus haberet,
আমিও ঝাঁপ দিতাম, সোনাবউ, সাগর আমারেও পাইত।	362	te sequerer, coniunx, et me quoque pontus haberet.
আহ, যদি পৈতৃক ক্ষমতায় মাটির মধ্যে প্রাণ ফুঁকে দিতে	363	O utinam possim populos reparare paternis
পারতাম তাইলে মানবজাতি আবার ফিরায়ে আনতাম!	364	artibus atque animas formatae infundere terrae!
এখন মানবতা শুধু আমাদের উপর নির্ভরশীল,	365	Nunc genus in nobis restat mortale duobus
(উপরের খায়েশে) মানুষের একমাত্র মডেল আমরা।’	366	(sic visum superis) hominumque exempla manemus.”
		
সে বলে, তারা কান্দে। তারপর তারা ঠিক করে আকাশের	367	Dixerat, et flebant. Placuit caeleste precari
দেবদের কাছে দোয়া করবে, ওরাকলের সাহায্য চাবে।	368	numen et auxilium per sacras quaerere sortes.
এবং তখনি পাশাপাশি হেঁটে যায় সেফিসাসের নদীতে	369	Nulla mora est: adeunt pariter Cephisidas undas,
যার পানি স্বচ্ছ না হলেও যাচ্ছে আগের চ্যানেল ধরে।	370	ut nondum liquidas, sic iam vada nota secantes.
নদী থেকে পানি নিয়ে তারা তাদের জামাকাপড় ও মাথায়	371	Inde ubi libatos inroravere liquores
ছিটিয়ে তর্পণ করেছিল, তারপর আগায় থিমিসের	372	vestibus et capiti, flectunt vestigia sanctae
পুণ্য মন্দিরের দিকে, কাছে গিয়ে দেখে তার চাঁদোয়ারি	373	ad delubra deae, quorum fastigia turpi
শেওলার কারণে বিবর্ণ, বেদিতেও কোনো আগুন নাই।	374	pallebant musco stabantque sine ignibus arae.
মন্দিরের সিঁড়িতে আসতেই তারা দুই জন শ্রদ্ধায়	375	Ut templi tetigere gradus, procumbit uterque
সাষ্টাঙ্গে প্রণাম করে ভয়ার্ত ঠোঁটে শীতল পাথরে	376	pronus humi gelidoque pavens dedit oscula saxo
চুমু খায়, তারপর বলে, ‘ন্যায়বানের প্রার্থনায় যদি	377	atque ita “si precibus” dixerunt “numina iustis
দেবতাদের মন গলে, তাদের ক্রোধ যদি প্রশমিত হয়,	378	victa remollescunt, si flectitur ira deorum,
তাহলে, থিমিস, বলো আমরা কিভাবে এই ধ্বংসযজ্ঞ	379	dic, Themi, qua generis damnum reparabile nostri
মেরামত করব; আমাদের সহায় হও, হে দয়াল দেবী।’	380	arte sit, et mersis fer opem, mitissima, rebus.”
দেবী করুণায় গলে এই ওরাকল দেন: ‘মন্দির ছেড়ে	381	Mota dea est sortemque dedit: “Discedite templo
যাও মাথায় কাপড় দিয়ে আর ঢিলা করে গায়ের পোশাক,	382	et velate caput cinctasque resolvite vestes
যাওয়ার সময় ছুঁড়ো পিছনে তোমাদের মহামাতার হাড়!’	383	ossaque post tergum magnae iactate parentis.”
		
তারা অনেকক্ষণ ছিল বিহ্বল, পিরা আগে মৌনতা ভেঙে	384	Obstipuere diu, rumpitque silentia voce
জানায় দেবীর এই আদেশ সে পারবে না পালন করতে,	385	Pyrrha prior iussisque deae parere recusat,
কম্পিত ঠোঁটে ক্ষমা চায় সে, কারণ তার মনে হচ্ছিল	386	detque sibi veniam pavido rogat ore, pavetque
হাড় ছুঁড়লে মায়ের আত্মা নিঃসন্দেহে কষ্ট পাবে।	387	laedere iactatis maternas ossibus umbras.
তখন ওরাকলের রহস্যময় কথা আরো ভাবে তারা,	388	Interea repetunt caecis obscura latebris
প্রতিটা শব্দের লুকানো অর্থ উল্টে পাল্টে দেখে।	389	verba datae sortis secum inter seque volutant.
প্রমিথিউসের ছেলে অবশেষে এপিমিথিউসের মেয়েকে	390	Inde Promethides placidis Epimethida dictis
সান্ত্বনা দিয়ে বলে, ‘আমার চিন্তা যদি ঠিক হয়ে থাকে,	391	mulcet et “aut fallax” ait “est sollertia nobis,
পবিত্র ওরাকল কখনো দিতে পারে না অশুভ আদেশ,	392	aut pia sunt nullumque nefas oracula suadent.
সুতরাং মহামাতা স্বয়ং পৃথিবী আর তার হাড় হলো	393	Magna parens terra est, lapides in corpore terrae
পৃথিবীর শরীরের পাথর, যা বলছেন পিছনে ছুঁড়তে।’	394	ossa reor dici; iacere hos post terga iubemur.”
স্বামীর এ ব্যাখ্যায় সন্তুষ্ট হয়েছিল টাইটানিয়া,	395	Coniugis augurio quamquam Titania mota est,
তবে নিজের আশায় অত আস্থা ছিল না, তারা স্বর্গের	396	spes tamen in dubio est: adeo caelestibus ambo
বাণী বেশ সন্দেহ করত, তবু চেষ্টা করতে ক্ষতি কি?	397	diffidunt monitis. Sed quid temptare nocebit?
		
পাহাড় থেকে নামার সময় কাপড় ঢিলা করে মাথা ঢেকে	398	Discedunt velantque caput tunicasque recingunt
তারা পিছনে পাথর ছুঁড়তে থাকে দেবীর উপদেশমতো।	399	et iussos lapides sua post vestigia mittunt.
আর সে পাথর (শ্রুতির সাক্ষ্য ছাড়া কে বিশ্বাস করত?)	400	Saxa (quis hoc credat, nisi sit pro teste vetustas?)
পড়তে না পড়তেই তাদের কঠিনতা কঠোরতা হারিয়ে	401	ponere duritiem coepere suumque rigorem
নরম কোমল হতে থাকে, আর পেতে শুরু করে আকৃতি।	402	mollirique mora mollitaque ducere formam.
আকারে বাড়ার পর তাদের প্রকৃতি আরো সদয় হয়,	403	Mox ubi creverunt naturaque mitior illis
দেখতে কিছুটা অসমাপ্ত মানুষের মতো লাগে, এখনো	404	contigit, ut quaedam, sic non manifesta, videri
অনেক অস্পষ্ট—মার্বেলে মানুষের মূর্তি খোদাই	405	forma potest hominis, sed, uti de marmore coepta,
শুরু করলে যেমন প্রথমে আবছা এক রূপ উঁকি দেয়।	406	non exacta satis rudibusque simillima signis.
পাথরের যে অংশ আর্দ্রতা থাকায় মাটির মতো মৃদু	407	Quae tamen ex illis aliquo pars umida suco
ও সোঁদা তা পরিণত হয়েছিল শরীরের নরম মাংসে,	408	et terrena fuit, versa est in corporis usum;
কঠিন আর অনড় অংশ থেকে হয়েছে ভিতরের হাড়,	409	quod solidum est flectique nequit, mutatur in ossa;
আর যার নাম ছিল শিরা পরেও একই থাকে তার নাম;	410	quae modo vena fuit, sub eodem nomine mansit;
এবং অল্প সময়ের মধ্যেই বিধাতার ইচ্ছায়	411	inque brevi spatio superorum numine saxa
পুরুষের হাতে ছোঁড়া পাথর পায় নতুন পুরুষের রূপ	412	missa viri manibus faciem traxere virorum,
ও নারীর হাতে ছোঁড়া পাথর পূরণ করে নারীর অভাব।	413	et de femineo reparata est femina iactu.
আমরা যে অনেক কঠিন জাতি, অনেক শ্রম দিতে পারি,	414	Inde genus durum sumus experiensque laborum
তাই আমাদের এই আদি উৎসের সাক্ষ্য বহন করে।	415	et documenta damus qua simus origine nati.
		
নানা রূপের অন্য অনেক প্রাণী তৈরি করেছিল মাটি	416	Cetera diversis tellus animalia formis
স্বতঃপ্রণোদিত হয়ে যখন বহুদিনের বাঁধা সোঁদা পানি	417	sponte sua peperit, postquam vetus umor ab igne
শুকায় রোদের তাপে; থকথকে কাদা আর ঘন জলাভূমি	418	percaluit solis, caenumque udaeque paludes
তাপে ফুলে উঠেছিল, জীবনের বিভিন্ন বীজ জননীর	419	intumuere aestu, fecundaque semina rerum
গর্ভের মতো সেই মাটিতে পুষ্টি পেয়ে বড় হতে থাকে	420	vivaci nutrita solo ceu matris in alvo
এবং সময়ে প্রতিটা বীজ তার নির্দিষ্ট রূপ পায়।	421	creverunt faciemque aliquam cepere morando.
অনেকটা যেমন প্লাবনে ডোবা ক্ষেত থেকে সাত মুখওয়ালা	422	Sic ubi deseruit madidos septemfluus agros
নীল নদ নেমে তার আদি চ্যানেলে আবার আবদ্ধ হলে	423	Nilus et antiquo sua flumina reddidit alveo
তখনো সিক্ত কাদা সূর্যের আলোতে পুড়ে শুষ্ক হয়,	424	aetherioque recens exarsit sidere limus,
আর তার পর কৃষক মাটির ঢেলা উল্টাতে গিয়ে পায়	425	plurima cultores versis animalia glaebis
অনেক নতুন প্রাণ, কোনোটা মাত্র শুরু করছে জীবন,	426	inveniunt, et in his quaedam modo coepta per ipsum
কোনোটা একেবারেই কাঁচা, শরীরের সব অঙ্গ এখনো	427	nascendi spatium, quaedam inperfecta suisque
ফুটে উঠতে পারেনি; কখনো দেখতে পায় একই দেহের	428	trunca vident numeris; et eodem in corpore saepe
এক অংশ জীবিত আর আরেক অংশ কাঁচা কাদামাটি।	429	altera pars vivit, rudis est pars altera tellus.
আর্দ্রতা আর শুষ্কতা একত্রিত হয়েই নির্মাণ করে	430	Quippe ubi temperiem sumpsere umorque calorque,
সব প্রাণ, এই দুই উপাদান থেকে সবকিছুর জন্ম;	431	concipiunt, et ab his oriuntur cuncta duobus;
পানি ও আগুন একে অপরের বিপরীত হলেও সৃষ্টি	432	cumque sit ignis aquae pugnax, vapor umidus omnes
করে দুই জন মিলে, মিলনের সাথে বিরোধের এত ভাব!	433	res creat, et discors concordia fetibus apta est.
		
সুতরাং সেই সাম্প্রতিক বন্যার কাদা মাখা পৃথিবী	434	Ergo ubi diluvio tellus lutulenta recenti
যখন ইথারচারী সূর্যের তাপী আলোতে উষ্ণ হয়	435	solibus aetheriis altoque recanduit aestu,
তখন প্রসব করে অসংখ্য অদ্ভুত প্রজাতি, কোনোটা	436	edidit innumeras species, partimque figuras
আগের মতন, আর কোনোটা একদম নতুন মনস্টার।	437	rettulit antiquas, partim nova monstra creavit.
তখন অনিচ্ছায় পৃথিবী জন্ম দিয়েছিল তোমাকেও,	438	Illa quidem nollet, sed te quoque, maxime Python,
পাইথন, অভূতপূর্ব সাপ তুমি কুণ্ডলিতে পাহাড়	439	tum genuit, populisque novis, incognite serpens,
পেঁচিয়ে ধরে নতুন প্রজন্মকে করেছিলে আতঙ্কিত।	440	terror eras: tantum spatii de monte tenebas.
এ সাপ মেরেছিলেন তিরন্দাজ এপোলো; পূর্বে যে তিরে	441	Hunc deus arquitenens, et numquam talibus armis
তিনি নিরীহ ছাগী ও হরিণী ছাড়া কিচ্ছু বধ করেননি	442	ante nisi in dammis capreisque fugacibus usus,
তা সেবার সাপের দিকে ছুঁড়লেন তূণীর খালি করে,	443	mille gravem telis exhausta paene pharetra
কালো ক্ষত থেকে সব বিষ উগরে দিয়ে সে নির্মূল হয়।	444	perdidit effuso per vulnera nigra veneno.
এবং সময় যাতে এ খুনের সুখ্যাতি মুছতে না পারে	445	Neve operis famam posset delere vetustas,
সেজন্য দেবতা নতুন এক প্রতিযোগিতা চালু করেন,	446	instituit sacros celebri certamine ludos,
নিহত সাপের নামে যার নাম হয়েছিল পিথিয়ান গেমস।	447	Pythia perdomitae serpentis nomine dictos.
এই উৎসবে হাত পা বা রথের কসরতে যারা জিততো	448	Hic iuvenum quicumque manu pedibusve rotave
তাদের মাথায় ওক পাতার জয়মালা পরিয়ে দেয়া হতো;	449	vicerat, aesculeae capiebat frondis honorem:
লরেল ছিল না বলে তখন দ্যুতির দেবতা নিজেও তার	450	nondum laurus erat, longoque decentia crine
দিঘল বহতা চুল বেঁধে নিতেন যেকোনো পাতার মালায়।	451	tempora cingebat de qualibet arbore Phoebus.
		
এপোলো প্রথম প্রেমে পড়েন পেনিয়াসের মেয়ে ড্যাফনির,	452	Primus amor Phoebi Daphne Peneia, quem non
কাকতালীয় ভাবে না বরং কিউপিডের নির্মম ক্রোধে।	453	fors ignara dedit, sed saeva Cupidinis ira.
পাইথন খুন করে গর্বিত ডিলসের দেব একদিন	454	Delius hunc, nuper victa serpente superbus,
কিউপিডকে খেলার ছলে ধনুকের ছিলা বাঁকাতে দেখেই	455	viderat adducto flectentem cornua nervo
বলেছিলেন, ‘কামুক ছেলে, বড়দের অস্ত্র নিয়ে কি করো?	456	“quid” que “tibi, lascive puer, cum fortibus armis?”
কেবল আমাদের কাঁধেই শোভা পায় এই সব হাতিয়ার,	457	dixerat, “ista decent umeros gestamina nostros,
আমাদের নিশানায় মরে পশু আর দেবদ্রোহী মানুষ;	458	qui dare certa ferae, dare vulnera possumus hosti,
এই মাত্র আমার হাজার তিরে বধ করেছি পাইথন,	459	qui modo pestifero tot iugera ventre prementem
হাজার একর জুড়ে ছড়িয়ে ছিল যার প্লেগপূর্ণ পেট।	460	stravimus innumeris tumidum Pythona sagittis.
তুমি তোমার ছোট্ট মশালে শুধু প্রেমের আগুন জ্বালিয়ে	461	Tu face nescio quos esto contentus amores
বিন্দাস থাকো, আমাদের গৌরবে ভাগ বসাতে এসো না।’	462	inritare tua, nec laudes adsere nostras.”
উত্তরে ভিনাসের ছেলে বলে, ‘তোমার তিরে বিঁধুক সব,	463	Filius huic Veneris “figat tuus omnia, Phoebe,
আমারটা বিঁধবে তোমারে, দেবতার থেকে পশুপাখি	464	te meus arcus:” ait “quantoque animalia cedunt
যত ছোট, আমার কাছে তোমার গৌরব ততটুক ছোট।’	465	cuncta deo tanto minor est tua gloria nostra.”
এই বলে সে বজ্রডানায় উড়ে যায় বাতাস ভেদ করে,	466	Dixit et eliso percussis aere pennis
পার্নেসাসের ছায়াময় চূড়ায় এক নিমিখে পৌঁছায়,	467	inpiger umbrosa Parnasi constitit arce
নেমে তার তিরভরা তূণীর থেকে বের করেছিল দুইটা	468	eque sagittifera prompsit duo tela pharetra
বিপরীত তির: একটাতে প্রেম আসে, অন্যটাতে পালায়।	469	diversorum operum: fugat hoc, facit illud amorem.
প্রেমের তির চকচকে, তীক্ষ্ণ মাথাটা সোনা দিয়ে বানানো,	470	Quod facit, auratum est et cuspide fulget acuta;
আর যে-তিরে প্রেম পালায় তার ভোঁতা ডগা সীসার তৈরি।	471	quod fugat, obtusum est et habet sub harundine plumbum.
এই তির মদন পেনিয়াসের পরী মেয়েটার দিকে ছুঁড়ে,	472	Hoc deus in nympha Peneide fixit, at illo
আর এপোলোর অস্থিমজ্জা বিদ্ধ করে প্রেমের তিরে।	473	laesit Apollineas traiecta per ossa medullas.
		
দেবতা পড়েন প্রেমে, পরী ‘প্রেমিক’ নামও শুনতে পারে না,	474	Protinus alter amat, fugit altera nomen amantis
কারণ সে ভালোবাসে বনের গহীনে পশু শিকার করতে,	475	silvarum tenebris captivarumque ferarum
পালিয়ে বেড়াতে পাল্লা দিয়ে কুমারী দেবী ডায়ানার সাথে—	476	exuviis gaudens innuptaeque aemula Phoebes.
ফিবির মতোই এলোমেলো চুল বাঁধে শুধু একটা ফিতায়।	477	Vitta coercebat positos sine lege capillos.
অনেকেই তার প্রেমে পড়েছে, সে সবাইকে ফিরিয়ে দিয়েছে,	478	Multi illam petiere, illa aversata petentes
পুরুষের পরোয়া না করে পরী ঘুরে পথহীন অরণ্যে,	479	inpatiens expersque viri nemora avia lustrat,
হাইমেন প্রেম বা বিয়ে কাকে বলে জানে না, জানতে চায় না।	480	nec quid Hymen, quid Amor, quid sint conubia curat.
বাবা প্রায়ই বলত, ‘তোর কাছে আমি একটা জামাই পাই,’	481	Saepe pater dixit “generum mihi, filia, debes,”
বাবা আরও বলত, ‘তোর কাছে আমি নাতি নাতনি পাই!’	482	saepe pater dixit “debes mihi nata, nepotes:”
কিন্তু বিয়ের চিন্তাকে সে ক্রাইমের মতো ঘৃণা করত,	483	illa, velut crimen taedas exosa iugales,
এই সব আবদার শুনে লজ্জায় লাল হতো তার গাল,	484	pulchra verecundo suffunditur ora rubore,
বাবাকে আদর করে দুই হাতে গলা জড়িয়ে ধরে বলত,	485	inque patris blandis haerens cervice lacertis
‘আমার লক্ষ্মী বাবা, সারা জীবন আমাকে প্লিজ ভার্জিন	486	“da mihi perpetua, genitor carissime,” dixit
থাকতে দাও, ডায়ানাকে তার বাবা জিউস তো দিয়েছিলেন।’	487	“virginitate frui: dedit hoc pater ante Dianae.”
বাবা তোমার আর্জি শুনেছিলেন, ড্যাফনি, কিন্তু তোমার	488	Ille quidem obsequitur, sed te decor iste quod optas
চেহারা শোনেনি; তোমার রূপই তোমার রুচির বিরুদ্ধে।	489	esse vetat. Votoque tuo tua forma repugnat:
		
ফিবির ভাই ফিবাস প্রেমে পড়ে পরীকে বিয়ে করতে চান,	490	Phoebus amat visaeque cupit conubia Daphnes,
চাওয়া থেকে জাগে আশা, নিজের প্রফেসিই দেবতাকে ঠকায়।	491	quodque cupit, sperat, suaque illum oracula fallunt.
ফসল কাটার পরে ক্ষেতের মুড়া যেভাবে দাউদাউ জ্বলে,	492	Utque leves stipulae demptis adolentur aristis,
বা কোনো জমির বেড়া যেভাবে জ্বলে যখন উদাস পথিক	493	ut facibus saepes ardent, quas forte viator
কাছে আগুন জ্বালায় বা সকালে জ্বলন্ত কাঠ ফেলে যায়,	494	vel nimis admovit vel iam sub luce reliquit,
দেব সেভাবেই জ্বলে উঠেছিলেন; তার হৃদয় ছারখার	495	sic deus in flammas abiit, sic pectore toto
হয় পুড়ে, আশা আরো ইন্ধন ঢালে বিফল ভালোবাসায়।	496	uritur et sterilem sperando nutrit amorem.
ড্যাফনির ঘাড়ে উস্কখুস্ক  চুল দেখে তিনি আনমনে	497	Spectat inornatos collo pendere capillos
বলেন, ‘যদি গুছানো হতো সুন্দরভাবে?’ তারকার মতো	498	et “quid, si comantur?” ait. Videt igne micantes
উজ্জ্বল তার চোখ দেখেন, মুখের দিকে তাকান, কেবল	499	sideribus similes oculos, videt oscula, quae non
দেখায় সাধ মিটে না; প্রশংসা করেন সরু আঙ্গুলের,	500	est vidisse satis; laudat digitosque manusque
দুই হাতের, কোমল কাঁধ পর্যন্ত খোলা দুই বাহুর।	501	bracchiaque et nudos media plus parte lacertos.
যা ঢাকা তা আরো সুন্দর মনে হয়। পরী তখন পালায়	502	Siqua latent, meliora putat. Fugit ocior aura
বাতাসের চেয়ে দ্রুত, ভ্রুক্ষেপ না করে পিছে এপোলোর ডাক:	503	illa levi neque ad haec revocantis verba resistit:
		
‘পরী, পায়ে পড়ি, পরী, দাঁড়াও, থামো, আমি তোমার শত্রু না,	504	“Nympha, precor, Penei, mane! Non insequor hostis:
দাঁড়াও, পরী! এভাবে পালায় নেকড়ে থেকে ভেড়া, সিংহের	505	nympha, mane! sic agna lupum, sic cerva leonem,
থেকে হরিণ, ইগল থেকে পায়রা তার থরথর পাখায়;	506	sic aquilam penna fugiunt trepidante columbae,
সবাই শত্রু থেকে পালায়, আমি তো চাইছি তোমার প্রেম।	507	hostes quaeque suos: amor est mihi causa sequendi.
হায়, কি যে করলাম! ভয় হচ্ছে না জানি তুমি পড়ে যাও,	508	Me miserum! ne prona cadas indignave laedi
না জানি ঝোপের কাঁটা তোমায় আঁচড় কাটে আমার কারণে।	509	crura notent sentes et sim tibi causa doloris.
যে পথে দৌড়াচ্ছ তা অনেক বন্ধুর, পায়ে পড়ি, পরী,	510	Aspera, qua properas, loca sunt. Moderatius, oro,
আস্তে, আস্তে যাও, আমিও তোমার পিছে আস্তে আসব।	511	curre fugamque inhibe; moderatius insequar ipse.
ভেবে দেখো কে তোমার রূপে মজেছে। পাহাড়ে আমার বাড়ি না,	512	Cui placeas, inquire tamen. Non incola montis,
রুক্ষ রাখাল নই আমি, ভেড়া বা গরুর পাল নিয়ে এই দেশে	513	non ego sum pastor, non hic armenta gregesque
আসিনি চড়াতে। তুমি জানো না, বোকা মেয়ে, জানো না একদম	514	horridus observo. Nescis, temeraria, nescis
কার থেকে পালাচ্ছ, তাই পালাচ্ছ। শোনো, ডেলফি ক্লারস	515	quem fugias, ideoque fugis. Mihi Delphica tellus
ও টেনেডোস রাজ্য আমার, পূজা পাই পাটারা নগরেও,	516	et Claros et Tenedos Patareaque regia servit,
জিউস আমার বাবা; অতীত বর্তমান ও ভবিষ্যৎ	517	Iuppiter est genitor; per me quod eritque fuitque
আমিই প্রকাশ করি; তার থেকে তান আসে আমার আদেশে।	518	estque patet; per me concordant carmina nervis.
অব্যর্থ আমার নিশানা, কিন্তু আরো নিশ্চিত এক	519	Certa quidem nostra est, nostra tamen una sagitta
জনের তির আমার ভাবনাবিহীন বুক বিদ্ধ করেছে।	520	certior, in vacuo quae vulnera pectore fecit.
মেডিসিনের শিল্প আমার উদ্ভাবন, সারা দুনিয়ায়	521	Inventum medicina meum est, opiferque per orbem
ভিষক হিসেবে আমি বিখ্যাত, সব ওষুধের গুণ জানি;	522	dicor, et herbarum subiecta potentia nobis:
দুর্ভাগ্য আমার যে প্রেম সারানোর কোনো ওষুধ নাই;	523	ei mihi, quod nullis amor est sanabilis herbis
সবাইকে সারায় আমার বিদ্যা, সারাতে পারে না আমাকে।’	524	nec prosunt domino, quae prosunt omnibus, artes.”
		
তিনি আরো বলতেন, কিন্তু পেনিয়াসের শঙ্কিত মেয়ে	525	Plura locuturum timido Peneia cursu
কথা শেষ করতে না দিয়ে সামনে এগিয়ে যায় আরো দ্রুত,	526	fugit cumque ipso verba inperfecta reliquit,
তখনো দারুণ লাগে তাকে; বাতাস উড়িয়ে নিচ্ছে শরীর,	527	tum quoque visa decens. Nudabant corpora venti,
বঙ্কিম দেহে লেপ্টানো শিথিল পোশাক উড়ছে পিছনে,	528	obviaque adversas vibrabant flamina vestes,
হালকা হাওয়ার তোড়ে বইছে দিঘল চুল, পালানোর দৌড়	529	et levis inpulsos retro dabat aura capillos,
আরো বাড়িয়েছে তার রূপ। তখন তরুণ দেবতা কোমল	530	auctaque forma fuga est. Sed enim non sustinet ultra
কথা দিয়ে আর সময় নষ্ট করতে চান না, ধেয়ে যান	531	perdere blanditias iuvenis deus, utque monebat
তরুণীর পিছনে তৎক্ষণাৎ তার প্রণয়ের তাড়নায়।	532	ipse Amor, admisso sequitur vestigia passu.
যেইভাবে ফ্রান্সের শিকারি কুকুর খোলা মাঠে খরগোশ	533	Ut canis in vacuo leporem cum Gallicus arvo
দেখলে ধায়, শিকার খোঁজে একজন, আরেক জন শরণ;	534	vidit, et hic praedam pedibus petit, ille salutem:
কুকুর মুহূর্তের জন্য পিছু ছাড়ে না তার শিকারের,	535	alter inhaesuro similis iam iamque tenere
নাগাল পেলে লম্বা মুখ দিয়ে পিছন-পায়ে আঁচড় কাটে;	536	sperat et extento stringit vestigia rostro,
শঙ্কিত খরগোশ বুঝতে পারে না ধরা পড়ে গেল কি না,	537	alter in ambiguo est, an sit conprensus, et ipsis
এক হেঁচকায় দাঁত থেকে পা ছাড়িয়ে আরো জোরে দৌড়ায়—	538	morsibus eripitur tangentiaque ora relinquit:
সেভাবেই ছুটছিল তারা, দেবতা আশায়, ভার্জিন ভয়ে।	539	sic deus et virgo est hic spe celer, illa timore.
		
তবে এপোলোর গতি বেশি কারণ সহায় তার কামদেব;	540	Qui tamen insequitur pennis adiutus Amoris,
পলাতকা এক মুহূর্ত থামতে পারে না, তার পায়ে-পায়ে	541	ocior est requiemque negat tergoque fugacis
দৌড়ানো দেবতার ভারী নিশ্বাস পায় ঘাড়ে আর চুলে।	542	inminet et crinem sparsum cervicibus adflat.
পরীর সব শক্তি শেষ হয়ে যায়, ছুটে চলার ধকলে	543	Viribus absumptis expalluit illa citaeque
শরীর অবশ, মুখটা মলিন, তখন পেনিয়াসের নদী	544	victa labore fugae spectans Peneidas undas
দেখে বলে, ‘বাঁচাও বাবা, তোমার পানি যদি ঐশিক হয়	545	“fer pater” inquit “opem si flumina numen habetis.
তাহলে বদলে দাও এত মন-মাতানো আমার এই রূপ!’	546	Qua nimium placui, mutando perde figuram!”
প্রার্থনা শেষ হতেই নিম্ফের সর্বাঙ্গে আসে এক আড়ষ্টতা;	547	Vix prece finita torpor gravis occupat artus:
বুকের কোমল ত্বক ঢেকে দেয় বাকলের পাতলা লেয়ার,	548	mollia cinguntur tenui praecordia libro,
চুল হয় গাছের পাতা, ডালপালা গজায় দুই বাহু থেকে,	549	in frondem crines, in ramos bracchia crescunt,
ক্ষিপ্র দুই পা থামে মন্থর শিকড়ের টানে, মাথা হয়	550	pes modo tam velox pigris radicibus haeret,
গাছের শিখর, কিছুই থাকে না তার উষ্ণ আভাটা ছাড়া।	551	ora cacumen habet; remanet nitor unus in illa.
দেবতা এখনো ভালোবেসে ডান হাত রাখে গাছের গুঁড়িতে,	552	Hanc quoque Phoebus amat, positaque in stipite dextra
নতুন চামড়ার নিচে হার্টের বিট এখনো টের পায়,	553	sentit adhuc trepidare novo sub cortice pectus
হাত ভেবে ডালপালা আদরে জড়িয়ে ধরে, বাকলে দুঠোঁট	554	conplexusque suis ramos, ut membra, lacertis
চেপে চুমু খায়, এখনো কুঁকড়ে উঠে গাছ ঘৃণা করে চুমু।	555	oscula dat ligno: refugit tamen oscula lignum.
		
দেবতা বলেন, ‘তুমি যেহেতু আমার বউ হতে পারবে না,	556	Cui deus “at quoniam coniunx mea non potes esse,
অন্তত গাছ হও আমার, ওগো আমার লরেল, তোমাকে	557	arbor eris certe” dixit “mea. Semper habebunt
পরবে আমার চুল, বাঁধবে আমার বীণা, আমার তূণীর;	558	te coma, te citharae, te nostrae, laure, pharetrae:
তুমি থাকবে রোমান জেনারেলদের সাথে, যখন যাবেন	559	tu ducibus Latiis aderis, cum laeta triumphum
তারা জনতার জয়গানে মুখরিত পথ দিয়ে ক্যাপিটলে;	560	vox canet et visent longas Capitolia pompas:
তুমি রক্ষা করবে নিষ্ঠার সাথে অগাস্টাসের দ্বার,	561	postibus Augustis eadem fidissima custos
মধ্যে তার ওকের মুকুট পাহারা দেবে দুই পাশ থেকে;	562	ante fores stabis mediamque tuebere quercum,
যেমন আমার চিরতরুণ চুলে পড়ে না নাপিতের হাত,	563	utque meum intonsis caput est iuvenale capillis,
তেমন তোমার চিরসবুজ পাতায় থাকবে খ্যাতির দ্যুতি।’	564	tu quoque perpetuos semper gere frondis honores.”
দেবতার বন্দনা শেষ হলে লরেল গাছ তার নতুন	565	Finierat Paean: factis modo laurea ramis
শাখা নেড়ে শিখর নত করে যেন জানিয়েছিল সম্মতি।	566	adnuit utque caput visa est agitasse cacumen.
		
এক বন ছিল হিমনিয়াতে, চারদিকে ঘন গাছপালায়	567	Est nemus Haemoniae, praerupta quod undique claudit
ঢাকা চড়াই, টেম্পি তার নাম। সেখানে পেনিয়াস নদীর	568	silva: vocant Tempe. Per quae Peneus ab imo
সফেন ঝরনা পিন্ডাস পর্বতমালা থেকে নেমে আসে,	569	effusus Pindo spumosis volvitur undis,
ঢালু গিরিখাতে পড়া জলপ্রপাত থেকে বাষ্পের ধোঁয়া	570	deiectuque gravi tenues agitantia fumos
উঠে মেঘের মতন, পানির ছিটায় ভিজে বনের বিতান,	571	nubila conducit summisque adspergine silvis
পানি পড়ার শব্দে কান ফাটে কাছে দূরে সব পড়শির।	572	inpluit et sonitu plus quam vicina fatigat.
এখানেই অন্দরমহল বসতি রাজদরবার সেই	573	Haec domus, haec sedes, haec sunt penetralia magni
মহানদীর, এখানে পাহাড়ের কোটরে কাটা এক গুহায়	574	amnis; in his residens facto de cautibus antro,
বিচার করছিলেন পেনিয়াস তার পানি আর পরীদের।	575	undis iura dabat nymphisque colentibus undas.
সবার প্রথমে তার নিজের দেশের সব নদী এসেছিল,	576	Conveniunt illuc popularia flumina primum,
বুঝতে পারছিল না তাকে সান্ত্বনা দিবে না অভিনন্দন,	577	nescia, gratentur consolenturne parentem,
ছিল পপলার-ঘেরা স্পার্চিয়াস, অস্থির এনিপিয়াস,	578	populifer Sperchios et inrequietus Enipeus
প্রাচীন এপিডেনাস, নরম এমফ্রিসাস এবং এয়াস;	579	Apidanusque senex lenisque Amphrysos et Aeas,
পরে এসেছিল আর সব নদী, যারা আঁকাবাঁকা বিভিন্ন	580	moxque amnes alii, qui, qua tulit impetus illos,
পথে অনেক ঘুরে তাদের ক্লান্ত পানি নিয়ে যায় সাগরে।	581	in mare deducunt fessas erroribus undas.
		
ছিলেন না শুধু ইনাকাস, গুহার গহীনে বসে তার নদী	582	Inachus unus abest imoque reconditus antro
আরো ভরছিলেন চোখের পানি দিয়ে, কারণ তার কন্যা	583	fletibus auget aquas natamque miserrimus Io
আয়ো হারিয়ে গেছে। সে তখনো জীবিত আছে না ছায়ার দেশে	584	luget ut amissam. Nescit, vitane fruatur,
মিলিয়ে গেছে তা জানতেন না; কোথাও তাকে খুঁজে না পাওয়ায়	585	an sit apud manes; sed quam non invenit usquam.
ভাবেন কোথাও নেই, তবে মনে ভর করে আরো বড় ভয়।	586	esse putat nusquam atque animo peiora veretur.
আসলে বাবার নদী থেকে ফেরার পথে সে জিউসের চোখে	587	Viderat a patrio redeuntem Iuppiter illam
পড়েছিল; দেখে দেবতা বলেন, ‘কুমারী তুমি জোভের লাভ	588	flumine et “o virgo Iove digna tuoque beatum
পাওয়ার যোগ্য, যার বেডে যাবে সে ধন্য হয়ে যাবে, ছায়া	589	nescio quem factura toro, pete” dixerat “umbras
পেতে বনের গহীনে যাও,’ (ছায়া কোনদিকে বেশি তা দেখিয়ে)	590	altorum nemorum” (et nemorum monstraverat umbras),
‘ভর দুপুরে সূর্য দেখো মাথার উপরে জ্বলছে অনেক।	591	“dum calet et medio sol est altissimus orbe.
হিংস্র জন্তুদের জায়গায় যদি একা যেতে ভয় লাগে	592	Quodsi sola times latebras intrare ferarum,
মনে রেখো দেবতার প্রহরায় একদম নিরাপদ তুমি,	593	praeside tuta deo nemorum secreta subibis,
আর আমি যেনতেন দেবতা না, আমার হাতের মুষ্টিতে	594	nec de plebe deo, sed qui caelestia magna
ঘুরে আকাশের মেরুদণ্ড, আমি হানি ভবঘুরে বজ্র।	595	sceptra manu teneo, sed qui vaga fulmina mitto.
আমার থেকে পালিয়ো না!’—কারণ দৌড় দিয়েছিল মেয়েটা।	596	Ne fuge me!”—fugiebat enim. Iam pascua Lernae
লার্নার ঘাসী মাঠ ছেড়ে গাছে ঢাকা লির্সিয়াতে পালায়,	597	consitaque arboribus Lyrcea reliquerat arva,
তখন দেবতা সারা দেশ ঘনান্ধকার কুয়াশায় ঢেকে	598	cum deus inducta latas caligine terras
কিশোরীকে থামান এবং তার সম্মান হরণ করেন।	599	occuluit tenuitque fugam rapuitque pudorem.
		
তখন জোভের বউ জুনো আর্গসের দিকে আকাশ থেকে	600	Interea medios Iuno despexit in agros
তাকিয়ে দেখেন রাত নামার অনেক আগে ভাসমান মেঘ	601	et noctis faciem nebulas fecisse volucres
দিবাকে করেছে নিশা, দেখে বুঝতে পারেন উতলা নদীর	602	sub nitido mirata die, non fluminis illas
বাষ্প বা সেঁতসেঁতে মাটির নিশ্বাসে এটা হতে পারে না,	603	esse, nec umenti sensit tellure remitti;
এবং তৎক্ষণাৎ তার জামাইয়ের খোঁজ করেন, কারণ	604	atque suus coniunx ubi sit circumspicit, ut quae
বহু বার ধরা খাওয়া বরের কুমতলব সব বউ বুঝে।	605	deprensi totiens iam nosset furta mariti.
দেবকে স্বর্গে না পেয়ে দেবী বলেছিলেন, ‘হয় আমি ভুল,	606	Quem postquam caelo non repperit, “aut ego fallor,
নয় হইতেছি ফুল,’ এবং তখনি আকাশের চূড়া থেকে	607	aut ego laedor” ait, delapsaque ab aethere summo
এক উড়ালে মাটিতে নেমে সব মেঘকে সরে যেতে বলেন।	608	constitit in terris nebulasque recedere iussit.
বউ আসার আগেই আসছে বুঝতে পেরে জিউস আয়োকে	609	Coniugis adventum praesenserat inque nitentem
কচি এক চকচকে বাছুরে রূপান্তরিত করে ফেলেন।	610	Inachidos vultus mutaverat ille iuvencam.
গাভী হয়েও সে ছিল সুন্দর। স্যাটার্নিয়া অনিচ্ছায়	611	Bos quoque formosa est. Speciem Saturnia vaccae,
বাছুরের প্রশংসা করে জানতেও চান তা কোন দেশের	612	quamquam invita, probat, nec non et cuius et unde
কোন গোয়ালের থেকে এসেছে, যেন সত্য তার অজ্ঞাত!	613	quove sit armento, veri quasi nescia quaerit.
সব প্রশ্ন থামিয়ে দিতে জিউস বলেছিলেন মাটি থেকে	614	Iuppiter e terra genitam mentitur, ut auctor
তার জন্ম হয়েছে। জুনো তখন গাভীটা উপহার চান।	615	desinat inquiri. Petit hanc Saturnia munus.
এখন কি করবেন তিনি? প্রেমিকা দিয়ে দেয়াটা নির্দয়,	616	Quid faciat? crudele suos addicere amores,
না দেয়াটা সন্দেহজনক। শরম সাধে দেয়ার জন্য,	617	non dare suspectum est. Pudor est qui suadeat illinc,
প্রেম তাতে বাদ সাধে। লজ্জা প্রেমের কাছে হার মানতই,	618	hinc dissuadet amor. Victus pudor esset amore;
কিন্তু যে তার বোন আর বউ তাকে একটা গরুর মতো	619	sed leve si munus sociae generisque torique
সামান্য উপহার না দেয়ার অর্থ তা কেবল গরু না।	620	vacca negaretur, poterat non vacca videri.
		
সতিন হাতিয়ে নেন জুনো, তাও নিশ্চিত হতে পারেন না,	621	Paelice donata non protinus exuit omnem
চালাক জোভের ছলচাতুরিকে তখনো এমন ভয় তার,	622	diva metum timuitque Iovem et fuit anxia furti,
তাই এরেস্টরের ছেলে আর্গাসকে পাহারায় লাগান।	623	donec Arestoridae servandam tradidit Argo.
আজব আর্গাসের মাথায় সাজানো ছিল একশটা চোখ,	624	Centum luminibus cinctum caput Argus habebat:
তার মধ্যে দুইটা করে চোখ পালা করে বিশ্রাম নেয়,	625	inde suis vicibus capiebant bina quietem,
যখন ঘুমায় দুই চোখ বাকিরা সজাগ থাকে প্রহরায়।	626	cetera servabant atque in statione manebant.
যেদিকে ফিরেই সে দাঁড়াত তার চোখ থাকত আয়োর দিকে;	627	Constiterat quocumque modo, spectabat ad Io:
পিছনের দিকে ফিরে থাকলেও আয়ো তার চোখের সামনে।	628	ante oculos Io, quamvis aversus, habebat.
দিনের বেলায় ঘাস খেতে দিত, সূর্য পৃথিবীর তলায়	629	Luce sinit pasci; cum sol tellure sub alta est,
ডুবলে বন্দী করে তার নিরীহ গলায় পরাত শিকল।	630	claudit et indigno circumdat vincula collo.
গাছের পাতা ও তিক্ত ঘাস খেয়ে সে কোনমতে বেঁচে ছিল,	631	frondibus arboreis et amara pascitur herba,
বিছানার বদলে মাটিতে ঘুমাত, মাটিতে ঘাসও থাকত না,	632	proque toro terrae non semper gramen habenti
আর পিপাসা মিটাত একমাত্র নদীর কাদাটে পানিতে।	633	incubat infelix limosaque flumina potat.
কখনো আর্গাসের কাছে দুহাত তুলে মোনাজাত করার	634	Illa etiam supplex Argo cum bracchia vellet
কথা ভাবে, কিন্তু কোনো হাত নাই যে দেখাবে আর্গাসকে!	635	tendere, non habuit, quae bracchia tenderet Argo,
কখনো অভিযোগের জন্য মুখ খুললে শুধু বের হয়	636	et conata queri mugitus edidit ore
হাম্বা ডাক, নিজেই শিউরে উঠে নিজের গলার আওয়াজে।	637	pertimuitque sonos propriaque exterrita voce est.
বাবা ইনাকাসের যে নদীর তীরে সে আগে খেলত সেখানে	638	Venit et ad ripas, ubi ludere saepe solebat,
একবার আসে, কিন্তু পানিতে তার অলস চোয়াল আর	639	Inachidas ripas; novaque ut conspexit in unda
নতুন শিঙের প্রতিফলন দেখে আতঙ্কে কুঁচকে উঠে।	640	cornua, pertimuit seque exsternata refugit.
		
নায়াদ বোনরা আর বাবা ইনাকাস তাকে চিনতে পারেনি,	641	Naides ignorant, ignorat et Inachus ipse,
তাই অবাক হয় যখন একটা বাছুর গায়ে-গায়ে ঘেঁষে	642	quae sit; at illa patrem sequitur sequiturque sorores
তাদের কাছ থেকে আদর আশা করে আর মনোযোগ চায়।	643	et patitur tangi seque admirantibus offert.
বৃদ্ধ ইনাকাস কিছু ঘাস ছিঁড়ে তার মুখে তুলে ধরেন,	644	Decerptas senior porrexerat Inachus herbas:
ঘাস খাওয়ার পর আয়ো বাবার হাতের তালুতে চুমু দেয়,	645	illa manus lambit patriisque dat oscula palmis
চোখের পানিও আটকে রাখে না, যদি শুধু শব্দ থাকত	646	nec retinet lacrimas et, si modo verba sequantur,
এখনি নাম নিয়তি সব বলে তাদের সাহায্য চাইত।	647	oret opem nomenque suum casusque loquatur.
কথা বলতে না পেরে সে খুর দিয়ে ধুলায় অক্ষর এঁকে	648	Littera pro verbis, quam pes in pulvere duxit,
তার রূপান্তরের করুণ কাহিনি জানিয়েছিল তখন।	649	corporis indicium mutati triste peregit.
		
‘হায় রে কপাল!’ বলে উঠলেন ইনাকাস গুমরিয়ে উঠা	650	“Me miserum!” exclamat pater Inachus inque gementis
বাছুরের শিং আর তুষারশীতল গলা দুই হাতে ধরে;	651	cornibus et niveae pendens cervice iuvencae
গুঙিয়ে বলেছিলেন, ‘হায় রে কপাল! তুই আমার সে মেয়ে	652	“me miserum!” ingeminat, “tune es quaesita per omnes
যাকে সারা দুনিয়ায় খুঁজেছি? তোকে পাওয়ার দুঃখটা কেন	653	nata, mihi terras? tu non inventa reperta
না পাওয়ার চেয়ে বড়! তুই কোনো কথা বলিস না, আমাদের	654	luctus eras levior. Retices nec mutua nostris
জবাব দেয়ার ভাষা নাই তোর, আছে শুধু বুকের গভীর	655	dicta refers, alto tantum suspiria ducis
থেকে উঠা দীর্ঘশ্বাস, আব্বা না বলে ডাকিস হাম্বা।	656	pectore, quodque unum potes, ad mea verba remugis.
এসব কিছু না জেনে আমি বিয়ের ব্যবস্থা করছিলাম,	657	At tibi ego ignarus thalamos taedasque parabam,
স্বপ্ন দেখছিলাম তোর জামাইয়ের, আমার নাতিপুতির।	658	spesque fuit generi mihi prima, secunda nepotum.
এখন বলদ হবে তোর জামাই, বাছুর হবে বাচ্চাকাচ্চা।	659	De grege nunc tibi vir, nunc de grege natus habendus.
মৃত্যু দিয়ে যে এই দুঃখ মুছে ফেলব সে উপায়ও নাই,	660	Nec finire licet tantos mihi morte dolores,
দেবতাজীবন খুব দুঃখের, মৃত্যুর দরজা বন্ধ,	661	sed nocet esse deum, praeclusaque ianua leti
আমাদের যন্ত্রণা যে চলতেই থাকবে অনন্ত কাল!’	662	aeternum nostros luctus extendit in aevum?”
		
বাপ-মেয়ের শোকের বিলাপ চলতে থাকে যতক্ষণ না	663	Talia maerentem stellatus submovet Argus
তারাচোখা আর্গাস আয়োকে ছিনিয়ে নিয়ে যায় বহুদূরে	664	ereptamque patri diversa in pascua natam
আরেক ঘাসের মাঠে। সেখানে অনেক উঁচু এক পাহাড়ের	665	abstrahit. Ipse procul montis sublime cacumen
চূড়ায় বসে একশ চোখে গার্ড দেয় চারপাশ সব দিকে।	666	occupat, unde sedens partes speculatur in omnes.
দেবতাদের শাসক আর সইতে পারেন না আয়োর এত	667	Nec superum rector mala tanta Phoronidos ultra
কষ্ট, এবং তার কৃত্তিকাদের ঘরে জন্মানো ছেলে	668	ferre potest natumque vocat, quem lucida partu
মার্কারিকে ডাকেন, আর্গাসকে মারার নির্দেশ দেন।	669	Pleias enixa est, letoque det imperat Argum.
মার্কারির টাইম লাগে শুধু পরতে পাখাওয়ালা স্যান্ডেল,	670	Parva mora est alas pedibus virgamque potenti
হাতে নিতে ঘুমপাড়ানি জাদুর লাঠি, মাথায় পরতে ক্যাপ।	671	somniferam sumpsisse manu tegimenque capillis.
এই সব সাথে নিয়ে জিউসের ছেলে বাবার দুর্গ থেকে	672	Haec ubi disposuit, patria Iove natus ab arce
এক উড়ালে মাটিতে নামে। নেমে সরিয়ে রাখে মাথার টুপি	673	desilit in terras. Illic tegimenque removit
আর পাখাওয়ালা চপ্পল, হাতে কেবল থাকে জাদুর লাঠি।	674	et posuit pennas, tantummodo virga retenta est.
এইভাবে রাখালের বেশে ঘুরে বেড়ায় বিরান মাঠে, পথে	675	Hac agit, ut pastor, per devia rura capellas,
পাওয়া এক পাল ছাগল চড়ায় আর বাজায় নলের বাঁশি।	676	dum venit, adductas et structis cantat avenis.
		
এই নতুন শব্দ জুনোর পাহারাদার শুনে বলে, ‘ওহে,	677	Voce nova captus custos Iunonius “at tu,
তুমি যে-ই হও না কেন, এই পাথরে বসো না আমার পাশে,	678	quisquis es, hoc poteras mecum considere saxo,”
তোমার ছাগলদের জন্য পাবে না এর চেয়ে ভালো ঘাস,	679	Argus ait, “neque enim pecori fecundior ullo
আর রাখালের জন্যও এখানে আছে মনের মতো ছায়া।’	680	herba loco est, aptamque vides pastoribus umbram.”
এটলাসের মেয়ের ছেলে তখন সেখানে বসে, এটা ওটা	681	Sedit Atlantiades et euntem multa loquendo
দিয়ে আড্ডা জমায়, কথা বলে বাঁশি বাজিয়ে দিন কাটায়,	682	detinuit sermone diem iunctisque canendo
আর নিভাতে চেষ্টা করে একশটা দীপ্ত সজাগ চোখ।	683	vincere harundinibus servantia lumina temptat.
তবে নিদ্রার সাথে যুদ্ধ করেই জেগে থাকে দারোয়ান,	684	Ille tamen pugnat molles evincere somnos
কয়েকটা চোখকে সে ঠিকই ঘুমাতে দেয়, কিন্তু তখন	685	et, quamvis sopor est oculorum parte receptus,
অন্য চোখদেরকে জাগিয়ে রাখে। এবং নলের বাঁশির	686	parte tamen vigilat. Quaerit quoque (namque reperta
জন্মকথা জানতে চায়, কারণ তখনো তা বেশ নূতন।	687	fistula nuper erat), qua sit ratione reperta.
		
দেবতা তখন বলেছিল, ‘আর্কেডিয়ার শীতল পাহাড়ে	688	Tum deus “Arcadiae gelidis in montibus” inquit
এক নায়াদ থাকত—ননাক্রিসের সবচেয়ে বিখ্যাত	689	“inter hamadryadas celeberrima Nonacrinas
হামাড্রায়াড। তার পরী বোনরা তাকে সিরিংক্স ডাকত।	690	naias una fuit; nymphae Syringa vocabant.
একাধিক বার তাকে পালাতে হয়েছিল স্যাটারদের থেকে,	691	Non semel et satyros eluserat illa sequentes
ছায়াঘেরা অরণ্য আর বন্য গ্রামের বহু দেবতার	692	et quoscumque deos umbrosaque silva feraxque
আক্রমণ থেকে। সে ভার্জিন থেকে অর্টিজিয়ার দেবীর	693	rus habet. Ortygiam studiis ipsaque colebat
ইবাদত করত, ডায়ানার জামা পরিয়ে তাকে অনায়াসে	694	virginitate deam. Ritu quoque cincta Dianae
লিটোর কন্যা বলে চালিয়ে দেয়া যেতো, শুধুমাত্র যদি	695	falleret et posset credi Latonia, si non
তার ধনুক শিঙের না হয়ে ডায়ানার মতো সোনার হতো।	696	corneus huic arcus, si non foret aureus illi.
তবু তাকে দেবী বলে ভুল হতো। লাইসিয়াম পাহাড় থেকে	697	Sic quoque fallebat. Redeuntem colle Lycaeo
একদিন ফেরার পথে তাকে দেখে মাথায় পাইনের কাঁটা	698	Pan videt hanc pinuque caput praecinctus acuta
পরা প্যান বলে’—রাখাল এখানে থামে, তার বলা বাকি ছিল	699	talia verba refert”—restabat verba referre
কিভাবে প্যানের থেকে পালিয়ে পরীটা পথহীন বনে ছুটে	700	et precibus spretis fugisse per avia nympham,
যতক্ষণ না তার সামনে পড়ে লেডন নদীর শান্ত	701	donec harenosi placidum Ladonis ad amnem
বালুময় স্রোত, কিভাবে পানি দেখে সে তার পরী বোনদের	702	venerit. Hic illam cursum inpedientibus undis,
কাছে দোয়া করে যাতে তারা তাকে রূপান্তরিত করে দেয়,	703	ut se mutarent liquidas orasse sorores,
কিভাবে যখন প্যান ভাবে অবশেষে সিরিংক্সকে পেয়ে গেছে	704	Panaque, cum prensam sibi iam Syringa putaret,
তখন দেখে হাতে পরীর শরীরের বদলে জলার নল।	705	corpore pro nymphae calamos tenuisse palustres.
সেখানে দাঁড়িয়ে প্যান যখন এক দীর্ঘশ্বাস ফেলেছিল	706	Dumque ibi suspirat, motos in harundine ventos
তখন বাতাসের আদরে খাগড়ায় বিষাদের সুর বাজে।	707	effecisse sonum tenuem similemque querenti.
অদ্ভুত মিষ্টি সে শব্দে মুগ্ধ হয়ে প্যান বলেছিল,	708	Arte nova vocisque deum dulcedine captum
‘তোমার সাথে আমার এই সংগীত থেকে যাবে চিরকাল!’	709	“hoc mihi concilium tecum” dixisse “manebit!“
তখন সে ছোট বড় বিভিন্ন দৈর্ঘ্যের নল মোম দিয়ে	710	atque ita disparibus calamis conpagine cerae
জোড়া লাগিয়ে বানায় বাঁশি যার নাম রাখে মেয়েটির নামে।	711	inter se iunctis nomen tenuisse puellae.
		
সিলিনের ছেলে এই গল্প পুরাটাই শোনাতে চেয়েছিল,	712	Talia dicturus vidit Cyllenius omnes
কিন্তু আগেই দেখে বন্ধ দারোয়ানের সবগুলা চোখ।	713	succubuisse oculos adopertaque lumina somno.
কাহিনি বন্ধ করে তখনি সে তার ঘুম আরো গাঢ় করে	714	Supprimit extemplo vocem firmatque soporem
তন্দ্রাবিষ্ট চোখের উপর নাড়িয়ে সেই জাদুর লাঠি।	715	languida permulcens medicata lumina virga.
এবং আর দেরি না করে তার বাঁকা তলোয়ারটা চালায়	716	Nec mora, falcato nutantem vulnerat ense
যেখানে ঢুলুঢুলু মাথাটা লেগেছে ঘাড়ে—কাটা মুণ্ডুটা	717	qua collo est confine caput, saxoque cruentum
পাহাড় গড়িয়ে পড়ে, রক্তে ভিজে যায় পবিত্র পাথর।	718	deicit et maculat praeruptam sanguine rupem.
আর্গাস, তুমি লাশ এখন, তোমার সব বাতি নিভে গেছে,	719	Arge, iaces, quodque in tot lumina lumen habebas,
এক আঁধার রাত্রি অধিকার করে নিয়েছে একশ চোখ।	720	exstinctum est, centumque oculos nox occupat una.
		
ক্রোনাসের মেয়ে জুনো এই চোখগুলো তুলে তার ময়ূরের	721	Excipit hos volucrisque suae Saturnia pennis
লেজে লাগিয়ে তা সাজিয়েছিলেন তারার মতন জহরতে।	722	collocat et gemmis caudam stellantibus inplet.
এবং তখনি তার ক্রোধ দপ করে জ্বলে উঠে যা নিভাতে	723	Protinus exarsit nec tempora distulit irae
তার গ্রিক সতিনের মন ও চোখের পিছনে লেলিয়ে দেন	724	horriferamque oculis animoque obiecit Erinyn
এক ভয়ানক ফিউরি, হৃদয়ে পুঁতে দেন উন্মাদ ভয়,	725	paelicis Argolicae stimulosque in pectore caecos
শঙ্কিত রেফুজির মতো আয়ো সারা পৃথিবী চড়ে বেড়ায়।	726	condidit et profugam per totum terruit orbem.
অবশেষে তার দুর্দশা দূর করেছিলে তুমি, নীল নদ।	727	Ultimus inmenso restabas, Nile, labori.
তোমার পানিতে এসে বাছুর তীরের দিকে ঝুঁকে হাঁটু গেড়ে	728	Quem simul ac tetigit, positis in margine ripae
ঢলে পড়েছিল, ঘাড় বাঁকিয়ে মুখটা তুলেছিল আকাশের	729	procubuit genibus resupinoque ardua collo,
তারাদের দিকে, এছাড়া তোলার কিছু তো আর ছিল না তার;	730	quos potuit solos, tollens ad sidera vultus
গোঙানি, চোখের পানি আর শোকাতুর গম্ভীর ডাকে যেন	731	et gemitu et lacrimis et luctisono mugitu
জোভকে নিন্দা করে সে তার কাছেই চায় দুখের ক্ষান্তি।	732	cum Iove visa queri finemque orare malorum.
জুপিটার তার বউয়ের গলা দুই হাতে জাপটিয়ে ধরে	733	Coniugis ille suae conplexus colla lacertis,
প্রেমিকার শাস্তির অবসান চেয়ে বলেন, ‘তোমার ভয়	734	finiat ut poenas tandem, rogat “in” que “futurum
সব সরিয়ে রাখো, ভবিষ্যতে ও কখনো তোমার দুখের	735	pone metus” inquit; “numquam tibi causa doloris
কারণ হবে না।’ স্টিক্সের জল সাক্ষী রেখে বলেছিলেন।	736	haec erit:” et Stygias iubet hoc audire paludes.
		
দেবী শান্ত হওয়ায় আয়ো ফিরে পেয়েছিল পূর্বের রূপ;	737	Ut lenita dea est, vultus capit illa priores
আগে যা ছিল আবার তা হয়: শরীর থেকে ঝরে পড়ে লোম,	738	fitque quod ante fuit: fugiunt e corpore saetae,
থাকে না লম্বা শিং, বিশাল দুইটা চোখ ছোট হয়ে আসে,	739	cornua decrescunt, fit luminis artior orbis,
চোয়াল সংকুচিত হয়, ফিরে আসে হাত আর আগের পা,	740	contrahitur rictus, redeunt umerique manusque,
খুর বিভক্ত হয়ে আবার ফিরিয়ে দেয় পাঁচ আঙ্গুল;	741	ungulaque in quinos dilapsa absumitur ungues:
গাভী রূপের কিছুই থাকে না দুধের মতো শুভ্রতা ছাড়া।	742	de bove nil superest formae nisi candor in illa.
আবার দুই পা ফিরে পেয়ে পরী খুশি হয়, দুপায়ে দাঁড়ায়,	743	Officioque pedum nymphe contenta duorum
কিন্তু গরুর ডাক বের হবে ভেবে কথা বলার সাহস	744	erigitur metuitque loqui, ne more iuvencae
পায়নি, বহুদিন ভুলে থাকা শব্দ ভয়ে ভয়ে মুখে আনে।	745	mugiat, et timide verba intermissa retemptat.
		
দেবী হিসেবে এখন তার পূজা করে লিনেনপরা সাধুরা।	746	Nunc dea linigera colitur celeberrima turba,
এপাফাস নামে তার এক ছেলে হয় যাকে লোকে জিউসের	747	nunc Epaphus magni genitus de semine tandem
ছেলে ভাবত, মায়ের পাশে তার মন্দির হতো মিশরের	748	creditur esse Iovis, perque urbes iuncta parenti
সব শহরে। তার ছিল এক বন্ধু তার সমান বয়সে	749	templa tenet. Fuit huic animis aequalis et annis
ও মেজাজে—সূর্যের ছেলে ফাইথন। একবার সে গর্ব	750	Sole satus Phaethon. Quem quondam magna loquentem
করে কথা বলছিল বাবা ফিবাস নিয়ে, কোনভাবেই মুখে	751	nec sibi cedentem Phoeboque parente superbum
লাগাম না টানায় ইনাকাসের নাতি বলে, ‘তোর মা যা বলে	752	non tulit Inachides, “matri” que ait “omnia demens
বিশ্বাস করিস, হাবা? মিথ্যা বাবা নিয়ে কিসের বড়াই!’	753	credis et es tumidus genitoris imagine falsi.”
ফাইথন লাল হয়, তবে লজ্জা লুকিয়ে রাখে তার রাগ,	754	Erubuit Phaethon iramque pudore repressit
এপাফাসের এই অপমান নিয়ে যায় মা ক্লিমিনির কাছে;	755	et tulit ad Clymenen Epaphi convicia matrem;
‘আরো খারাপ হচ্ছে, মা’ সে বলেছিল, ‘এত স্বাধীন শক্ত	756	“quo” que “magis doleas genetrix,” ait “ille ego liber,
হয়েও আমি কিছু বলিনি। এমন জঘন্য গালি খেয়েও	757	ille ferox tacui. Pudet haec opprobria nobis
উচিত জবাব দিতে না পারার চেয়ে লজ্জার কিছু আছে?	758	et dici potuisse et non potuisse refelli.
যদি আমার বাবা আসলেই দেবতা হয়ে থাকে, তবে তুমি	759	At tu, si modo sum caelesti stirpe creatus,
এখনি প্রমাণ দাও, যাতে বুঝে পাই স্বর্গে আমার দাবি।’	760	ede notam tanti generis meque adsere caelo.”
এই বলে দুই হাত ছুঁড়ে সে মায়ের গলা আঁকড়িয়ে ধরে,	761	Dixit et inplicuit materno bracchia collo
নিজের ও সৎ বাবা মেরপ্সের জীবনের নামে, মাসিদের	762	perque suum Meropisque caput taedasque sororum
বিয়ের নামে দিব্যি কেটে সত্য বাবার সংকেত চায়।	763	traderet oravit veri sibi signa parentis.
		
ক্লিমিনি ক্লিষ্ট হন, তবে ছেলের অপমানে না কি নিজের	764	Ambiguum, Clymene, precibus Phaethontis an ira
তা ঠিক বুঝা যায় না, তারপর দুই হাত আসমানে তুলে	765	mota magis dicti sibi criminis utraque caelo
সূর্যের উজ্জ্বল আলোর দিকে সরাসরি চেয়ে বলেন,	766	bracchia porrexit spectansque ad lumina solis
‘আলোর কিরণ পরা ঐ দীপ্ত বৃত্ত, যে আমাদেরকে	767	“per iubar hoc” inquit “radiis insigne coruscis,
দেখতেছে, আমাদের কথা শুনতেছে তার শপথ, আব্বু,	768	nate, tibi iuro, quod nos auditque videtque,
যাকে দেখতেছিস সে সূর্য থেকে, বিশ্ব শাসন করা	769	hoc te, quem spectas, hoc te, qui temperat orbem,
আলো থেকে তোর জন্ম। যদি মিথ্যা বলি, সে আর আমাকে	770	Sole satum. Si ficta loquor, neget ipse videndum
দেখা না দিক, আমার চোখ কাল থেকে আর আলো না দেখুক!	771	se mihi, sitque oculis lux ista novissima nostris.
কিন্তু বাবার বাড়ি খুঁজে পেতে তোর কোন দেরিও হবে না,	772	Nec longus patrios labor est tibi nosse penates:
যেই দেশ থেকে তার উদয় তা আমাদের সীমানার পাশে।	773	unde oritur, domus est terrae contermina nostrae.
যদি মন চায় গিয়ে সূর্যকে সরাসরি জিজ্ঞাস কর।’	774	Si modo fert animus, gradere et scitabere ab ipso.”
মায়ের এই কথায় ফাইথনের হৃদয়ে খুশির তুফান	775	Emicat extemplo laetus post talia matris
বয়ে যায় আর মন জুড়ে ভর করে স্বর্গের কল্পনা,	776	dicta suae Phaethon et concipit aethera mente,
তক্ষুনি ইথিওপিয়া ছেড়ে সে অগ্নির দেশ ইন্ডিয়া	777	Aethiopasque suos positosque sub ignibus Indos
পার হয়, তারপর আগায় যেদিকে বাবার উদয়াচল।	778	sidereis transit patriosque adit inpiger ortus.