KMBA	#	Persian	Transliteration
আসো সাকী, চালাও তোমার গ্লাস, হাতে দাও তুলে,	1	اَلا یا اَیُّهَا السّاقی اَدِرْ کَأسَاً و ناوِلْها	alā yā ayyuhā s-sāqī, adir kās-an wa nāwil-hā
প্রেম ভাবতাম সোজা, পরে পড়লাম কি মুশকিলে।		که عشق آسان نمود اوّل ولی افتاد مشکل‌ها	ke ‘eshq āsān namūd avval valī oftād moshkel-hā
তোমার চুল থেকে বাতাস বহায় কস্তুরীর ঘ্রাণ,		به بویِ نافه‌ای کآخِر صبا زان طُرّه بُگشاید	be būy-e nāfe-ī k-ākher sabā z-ān torreh bogoshāyad
সুগন্ধী চুলের পাক কি রক্ত ঝরায় কত দিলে।		ز تابِ جَعدِ مشکینش چه خون افتاد در دل‌ها	ze tāb-e ja‘d-e moshkīnash che khūn oftād dar del-hā
জানের মঞ্জিলে আর কি আয়েশ যদি ক্ষণে ক্ষণে		مرا در منزلِ جانان چه امنِ عیش، چون هر دَم	marā dar manzel-e jānān che amn-e ‘eysh, chon har dam
ঘণ্টা ফরিয়াদ করে, মাহমিল তাবু নাও তুলে।		جَرَس فریاد می‌دارد که بَربندید مَحمِل‌ها	jaras faryād mī-dārad ke barbandīd maḥmel-hā
মাজিপীর যদি বলে মদ দিয়ে রাঙাও মাদুর,		به مِی سجّاده رنگین کُن گَرَت پیرِ مُغان گوید	be mey sajjāde rangīn kon, garet pīr-e moghān gūyad
সালেক খবর রাখে কি রাস্তা ও রসম মঞ্জিলে।		که سالِک بی‌خبر نَبْوَد ز راه و رسمِ منزل‌ها	ke sālek bī-khabar nabvad ze rāh o rasmi-ye manzel-hā
অন্ধকার রাত, তরঙ্গের ভয়, কি ভয়াল ঘূর্ণি—		شبِ تاریک و بیمِ موج و گِردابی چنین هایل	shab-e tārik o bīm-e mowj o gardābī chenīn hāyel
তীরের তৃপ্ত বান্দা কি জানে আমরা আছি কি হালে?		کجا دانند حالِ ما سبک‌بارانِ ساحل‌ها؟	kojā dānand ḥāl-e mā, sabok-bārān-e sāḥel-hā?
আমার কামে আমার কর্মের হয়েছে বদনাম,		همهْ کارم ز خودکامی به بدنامی کشید آخر	hame kāram ze khod-kāmī be bad-nāmī keshīd ākher
রহস্য কি গোপন থাকে যদি ছড়ায় মাহফিলে?		نهان کِی مانَد آن رازی کَزو سازند مَحفل‌ها؟	nahān key mānad ān rāzī kaz ū sāzand maḥfel-hā?
যদি চাও তার হাজিরা, গায়েব হয়ো না, হাফিজ,		حضوری گر همی خواهی از او غایب مشو حافظ	ḥoẓūrī gar hamī-khwāhī az ū ghāyeb masho Ḥāfez
দুনিয়াকে ত্যাগ করে যেতে দাও যা চাও তা পেলে।		مَتیٰ ما تَلْقَ مَنْ تَهْویٰ دَعِ الدُّنْیا وَ اَهْمِلْها	matā mā talq man tahvā, da‘ ad-donyā wa ahmil-hā
			
কর্মের ভালো কোথায় আর কোথায় আমি খারাপ?	2	صلاحِ کار کجا و منِ خراب کجا؟	ṣalāḥ-e kār kojā o man-e ḵẖarāb kojā?
দেখো পথের তফাত, কই শুরু কই শেষ ভাব।		ببین تفاوتِ رَه کز کجاست تا به کجا	bebīn tafāwot-e rah kaz kojāst tā be kojā
ক্লান্ত আমার দিল দেখে ভণ্ডের আশ্রম খিরকা;		دلم ز صومعه بگرفت و خِرقِهٔ سالوس	delam ze ṣowmeʿe begereft o ḵẖerqe-ye sālos
মাজির মন্দির কোথায়, কোথায় ভালো শরাব?		کجاست دِیرِ مُغان و شرابِ ناب کجا؟	kojāst deyr-e moghān o sharāb-e nāb kojā?
মাতলামির সাথে ন্যায় বা তাকওয়ার কি সম্পর্ক?		چه نسبت است به‌ رِندی صَلاح و تقوا را؟	che nesbat ast be rendī ṣalāḥ o taqwā rā?
কোথায় ওয়াজের সাম আর কই সুরেলা রবাব!		سماعِ وَعظ کجا نغمهٔ رَباب کجا؟	samāʿ-e waʿẓ kojā naghme-ye rabāb kojā?
দোস্তের চেহারা থেকে দুশমনের দিল কি পায়?		ز رویِ دوست دلِ دشمنان چه دریابد؟	ze rū-ye dūst del-e doshmanān che daryābad?
কই মরা চেরাগ; কই তোমার মোম, আফতাব?		چراغِ مُرده کجا؟ شمعِ آفتاب کجا؟	cherāgh-e mordeh kojā? shamʿ-e āftāb kojā?
তোমার দুয়ারের ধুলা আমাদের চোখের কাজল,		چو کُحلِ بینشِ ما خاکِ آستانِ شماست	cho kuḥl-e bīnesh-e mā ḵẖāk-e āstān-e shomāst
তুমি ছাড়া কোথায় যাব, ফরমান করো, জনাব।		کجا رَویم بفرما ازین جناب، کجا؟	kojā ravīm befarma azīn jenāb, kojā?
দেখো না চিবুকের আপেল, তার পথে কুয়া আছে;		مَبین به سیبِ زَنَخدان که چاه در راه است	mabīn be sīb-e zanakhdān ke chāh dar rāh ast
এত জোরে কই যাও, দিল, কিসের এমন চাপ?		کجا همی‌ رَوی ای دل بدین شتاب کجا؟	kojā hamī ravi ey del bedīn shetāb kojā?
চলে গেছে! থাকার সময়ের খুশির স্মৃতি থাক;		بِشُد! که یادِ خوشش باد روزگارِ وصال	beshod! ke yād-e ḵẖoshash bād rūzgār-e veṣāl
কই গেল সেই কারিশমা, কোথায় সে দুরালাপ?		خود آن کِرِشمه کجا رفت و آن عِتاب کجا؟	ḵẖod ān kereshmeh kojā raft o ān ʿetāb kojā?
হাফিজের কাছে ঘুম বা শান্তি আশা করো না, দোস্ত,		قرار و خواب ز حافظ طمع مدار ای دوست	qarār o ḵẖwāb ze Ḥāfeẓ ṭamaʿ madār ey dūst
কিসের শান্তি, কিসের ধৈর্য, আর কোথায় খোয়াব?		قرار چیست صبوری کدام و خواب کجا؟	qarār chīst? ṣabūrī kodām? o ḵẖwāb kojā?
			
শিরাজের তুর্কি যদি দখল করে দিল আমার,	3	اگر آن تُرکِ شیرازی به‌‌ دست‌ آرَد دلِ ما را	agar ān turk-e shirāzī be-dast ārād del-e mā rā
বুখারা সমরকন্দ দিতাম হিন্দু তিলের জন্য তার।		به خال هِندویَش بَخشَم سَمَرقند و بُخارا را	be ḵẖāl-e hendūyash bakhsham Samarqand o Bukhārā rā
বাকি ওয়াইনটা ঢালো, সাকী, কারণ জান্নাতে পাব না		بده ساقی مِیِ باقی که در جَنَّت نخواهی یافت	bede sāqī mey-e bāqī ke dar jannat na-ḵẖwāhī yāft
মুসল্লার বাগান আর রুকনাবাদের পানির ধার।		کنارِ آبِ رُکناباد و گُل‌گَشتِ مُصَلّا را	kenār-e āb-e Roknābād o golgasht-e Moṣallā rā
হায়! দুরন্ত এই শহর-কাঁপানো রূপসীরা		فَغان! کاین لولیانِ شوخِ شیرین‌کارِ شهرآشوب	fagān! ke in lūliyān-e shūḵẖ-e shīrīn-kār-e shahr-āshūb
নেয় দিলের ধৈর্য যেভাবে তুর্কিরা নেয় খাবার।		چُنان بُردند صبر از دل که تُرکان خوانِ یَغما را	chenān burdand ṣabr az del ke turkān ḵẖwān-e yaḡmā rā
প্রিয়ার রূপ কাঙাল না আমাদের অপূর্ণ প্রেমের,		ز عشقِ ناتمامِ ما جمالِ یار مُستَغنی‌ است	ze ʿeshq-e nātamām-e mā jamāl-e yār mostaḡnī ast
সুন্দর মুখে লাগে না রং রেখা তিলের বাহার।		به آب و رنگ و خال و خط چه حاجت رویِ زیبا را؟	be āb o rang o ḵẖāl o ḵẖaṭ che ḥājat rūy-e zībā rā?
রোজ বাড়তে থাকা ইউসুফের রূপ দেখে বুঝেছি		مَن از آن حُسنِ روزاَفزون که یوسُف داشت دانستم	man az ān ḥosn-e rūz-afzūn ke Yūsuf dāsht dānestam
যে প্রেম জুলেখাকেও খোলায় ঘোমটার আঁধার।		که عشق از پردهٔ عِصمت بُرون آرَد زُلِیخا را	ke ʿeshq az parde-ye ʿeṣmat borūn ārād Zoleyḵẖā rā
আমাকে দোষ দাও বা অভিশাপ দাও, দোয়া করি,		اگر دشنام فرمایی و گَر نفرین دعا گویم	agar dashnām farmāyī o gar nafrīn doʿā gūyam
তিক্ত জবাব মানায় মধুর রুবি ঠোঁটে তোমার।		جوابِ تلخ می‌زیبَد لبِ لَعلِ شِکرخا را	javāb-e talḵẖ mī-zībad lab-e laʿl-e shekarkhā rā
নসিহত শোনো, জান, কারণ জানের চেয়ে প্রিয়		نصیحت گوش کن جانا که از جان دوست‌تر دارند	naṣīḥat gūsh kon jānā ke az jān dūst-tar dārand
ভাবে ভাগ্যবান তরুণেরা বিজ্ঞ বৃদ্ধের বিচার।		جوانانِ سعادتمند پندِ پیرِ دانا را	javānān-e saʿādatmand pand-e pīr-e dānā rā
গান বা ওয়াইনের কথা বলো, ভাগ্যের রহস্য না,		حَدیث از مُطرب و مِی گو و رازِ دَهر کمتر جو	ḥadīs az moṭreb o mey gū o rāz-e dahr kamtar jū
জ্ঞান দিয়ে কেউ পায়নি, পাবে না এ ধাঁধার কিনার।		که کس نَگشود و نَگشاید به حکمت این مُعمّا را	ke kas nagshūd o nagshāyad be ḥekmat īn moʿammā rā
গজল লিখেছ, মুক্তা গেঁথেছ, এবার গাও, হাফিজ,		غزل گفتی و دُر سُفتی بیا و خوش بخوان حافظ	ghazal goftī o dorr softeh biyā o ḵẖosh bekhān Ḥāfeẓ
যাতে স্বর্গ তোমার গানে পরায় কৃত্তিকার হার।		که بر نظمِ تو اَفشانَد فَلَک عِقد ثُریّا را	ke bar naẓm-e to afshānad falak ʿeqd-e Sorayyā rā
			
ভোরের হাওয়া, সুন্দর গেজেলকে বলো দয়া করে,	4	صبا به لُطف بگو آن غزالِ رَعنا را	ṣabā be loṭf begū ān ġazāl-e raʿnā rā
তার জন্য মরুতে পাহাড়ে তুমি আমাদের ছেড়ে।		که سَر به کوه و بیابان تو داده‌ای ما را	ke sar be kūh o biyābān to dādeh-ī mā rā
চিনির সেলার (তার জীবন দীর্ঘ হোক) কেন		شِکر فُروش که عُمرَش دراز باد چرا	shekhar forūsh ke ʿomrash derāz bād cherā
সে তোতার খোঁজ নেয় না যে চিনির জন্য মরে?		تَفَقُّدی نَکُنَد طوطیِ شِکرخا را؟	tafaqodī nakonad ṭūṭī-ye shekarkhā rā?
ও ফুল, রূপের গর্ব তোমাকে অনুমতি দেয় না যে		غرورِ حُسنت اجازَت مَگَر نداد اِی گُل	ġurūr-e ḥosnat ejāzat magar nadād ey gol
জানতে চাও না আন্দালিবের দশা প্রেমের ঘোরে?		که پُرسِشی نکُنی عَندَلیب شیدا را؟	ke porsašī nakonī ʿandalīb-e sheydā rā?
স্বভাব সৌজন্য দিয়ে দার্শনিকও জয় করা যায়,		به خُلق و لطف توان کرد صیدِ اهلِ نظر	be ḵẖolq o loṭf tavān kard ṣayd-e ahl-e naẓar
বোদ্ধা পাখি ধরা যায় না জাল আর ফাঁদের ঘেরে।		به بند و دام نگیرند مرغِ دانا را	be band o dām nagīrand morġ-e dānā rā
আমি জানি না কি কারণে চেনা কোনো চিহ্ন নাই		ندانم از چه سبب رنگِ آشنایی نیست	nadānam az che sabab rang-e āshenāʾī nīst
কালো চোখের চন্দ্রমুখীদের লম্বা শরীরে।		سَهی‌قَدانِ سیَه‌‌چشمِ ماه‌سیما را	sahī-qadān-e siyah-chashm-e māh-sīmā rā
যখন প্রিয়ার সাথে বসবে আর ওয়াইন খাবে,		چو با حبیب نِشینی و باده پِیمایی	cho bā ḥabīb neshīnī o bāde peymāyī
ভেবো সে প্রেমিকদের যারা বাতাসের সাথে ঘোরে।		به یاد دار مُحِبّانِ بادپیما را	be yād dār moḥebbān-e bādpeymā rā
তোমার রূপের কোনো দোষ বলি না এটুকু ছাড়া,		جُز این قَدَر نَتوان گفت در جَمالِ تو عیب	joz īn qadar natavān goft dar jamāl-e to ʿayb
নাই বিশ্বাস আর মায়া তোমার সুন্দর অধরে।		که وضع مِهر و وفا نیست رویِ زیبا را	ke ważʿ-e mehr o wafā nīst rūy-e zībā rā
আজব কি যদি আসমানে, হাফিজের কথামতো,		در آسمان نه عجب گَر به گفتهٔ حافظ	dar āsmān na ʿajab gar be gofte-ye Ḥāfeẓ
এমনকি যিশুও নাচে জাহরার গানের সুরে।		سُرودِ زُهره به رقص آورد مسیحا را	sorūd-e Zohra be raqṣ āvarad Masīḥā rā
			
গেলো আমার দিল, ও দিলদরিয়া, দোহাই খোদার!	5	دل می‌رود ز دستم صاحب‌دلان خدا را	del mī-ravad ze dastam sāḥeb-delān ḵẖodā rā
হায়, বুঝি ফাঁস হয়ে গেলো গোপন কথা আমার।		دردا که راز پنهان خواهد شد آشکارا	dardā ke rāz-e penhān ḵẖāhad shod āshkārā
ডুবন্ত নৌকার যাত্রী আমরা, জাগো হে ঝোড়ো হাওয়া,		کشتی‌شکستگانیم ای بادِ شُرطِه برخیز	keshtī-shekastegānīm ey bād-e shorṭe barkhīz
হয়তবা কোনো চেনা মুখের দেখা পাব আবার।		باشد که باز بینم دیدارِ آشنا را	bāshad ke bāz bīnam dīdar-e āshenā rā
এই দশ দিনের দুনিয়াদারি রূপকথা, জাদু;		ده‌روزه مِهرِ گردون افسانه است و افسون	dah-rūzeh mehr-e gardūn afsāneh ast o afsūn
বন্ধুকে ভালোবাসার ফুরসত রেখো, হে ইয়ার।		نیکی به جای یاران فرصت شمار یارا	nīkī be jāy-e yārān forsat shemār yārā
কাল রাতে বুলবুল ওয়াইন ও গোলাপের বৃত্তে:		در حلقهٔ گُل‌ و مُل خوش خواند دوش بلبل	dar ḥalqe-ye gol o mol ḵẖosh ḵẖwānd dūsh bolbol
'আনো ভোরের ওয়াইন, জাগো রে মাতালের ঝাড়!'		هاتِ الصَّبُوحَ هُبّوا یا ایُّها السُّکارا	hāt al-ṣabūḥa hubbū yā ayyuhā al-sukārā
সুস্বাস্থ্যের শুকরিয়া হিসেবে, ও দয়াল সাহেব,		ای صاحبِ کرامت شُکرانهٔ سلامت	ey sāḥeb-e kerāmat shokrāneh-ye salāmat
একটু খোঁজ নিও দুঃস্থ দরবেশের কি দরকার।		روزی تَفَقُّدی کن درویشِ بی‌نوا را	rūzī tafaqodī kon darvīsh-e bī-navā rā
দুই জাহানে আয়েশের তাফসির এ দুই শব্দে:		آسایشِ دو گیتی تفسیرِ این دو حرف است	āsāyesh-e do gītī tafsīr-e īn do ḥarf ast
দুশমনের সাথে ধৈর্য আর দোস্তের প্রতি উদার।		با دوستان مُرُوَت با دشمنان مُدارا	bā dūstān morowwat, bā doshmanān modārā
সুনামের গলিতে আমাদের যেতে দেয়নি কেউ,		در کویِ نیک‌نامی ما را گذر ندادند	dar kūy-e nīk-nāmī mā rā gozar nadādad
যাও ভাগ্য বদলাও এটা পছন্দ না হয় যার।		گر تو نمی‌پسندی تغییر کن قضا را	gar to nemī-pasandī taghyīr kon qazā rā
সুফিদের কাছে তিতা যে বস্তুর নাম 'উম্মে গুনা',		آن تَلخ‌وَش که صوفی اُم‌ُّالخَبائِثَش خواند	ān talḵẖ-vash ke ṣūfī omm al-ḵẖabāʾesash ḵẖwānad
আমি বলি অধরার চুমুর চেয়ে মধুর স্বাদ তার।		اَشهیٰ لَنا و اَحلیٰ مِن قُبلَةِ العَذارا	ash-hā lanā wa aḥlā min qublat al-ʿaẕārā
বিষাদের সময় খোঁজো আয়েশ নেশা ও মাস্তি,		هنگامِ تنگ‌دستی در عیش کوش و مستی	hengām-e tangdastī dar ʿeysh kūsh o mastī
কারণ ভিক্ষুককেও কারুন করে অস্তিত্বের সার।		کاین کیمیایِ هستی قارون کند گدا را	ke īn kīmiyā-ye hastī Qārūn konad gadā rā
গর্ব করো না, নিজের ঈর্ষায় পুড়বে মোমের মতো,		سرکش مشو که چون شمع از غیرتت بسوزد	sarkash masho ke chon shamʿ az ḡeyratat besūzad
যেখানে শক্ত পাথর মোম করে দেয় দিলবার।		دلبر که در کفِ او موم است سنگِ خارا	delbar ke dar kaf-e ū mūm ast sang-e ḵẖārā
ওয়াইনের গ্লাস হলো সিকান্দারের আয়না, তাকাও,		آیینهٔ سِکَندر جامِ مِی است بنگر	āyeneh-ye Sekandar jāme mey ast bengar
যাতে সে দেখায় তোমাকে কেমন মুলক দারা'র।		تا بر تو عرضه دارد احوالِ مُلکِ دارا	tā bar to ʿarzeh dārad aḥwāl-e molk-e Dārā
ফার্সি বলা রূপসীরা অন্যকে দান করে জীবন,		خوبان پارسی‌گو بخشندگانِ عمرند	ḵẖūbān-e pārsīgū bakhshandegān-e ʿomr-and
সাকী, মহান রিন্দের কাছে দাও এই সুখবর।		ساقی بده بشارت رندانِ پارسا را	sāqī bede bashārat rendān-e pārsā rā
হাফিজ স্বেচ্ছায় পরেনি ওয়াইনে রাঙানো খিরকা,		حافظ به خود نپوشید این خرقهٔ مِی‌ْآلود	Ḥāfeẓ be ḵẖod napūshīd īn ḵẖerqe-ye mey-ālūd
শুদ্ধ হৃদয়ের শেখ, মাফ করে দিও এই বার।		ای شیخِ پاک‌دامن معذور دار ما را	ey sheyḵẖ-e pākdāman maʿẓūr dār mā rā
			
সুলতানের দরবারে কে পৌঁছাবে এই দোয়া, হায়,	6	به مُلازِمانِ سلطان، که رساند این دعا را؟	be molāzemān-e solṭān, ke resānad īn doʿā rā?
যেন রাজ্যের শুকরিয়ায় গরিবকে না তাড়ায়?		که به شُکرِ پادشاهی، زِ نظر مَران گدا را	ke be shokr-e pādshāhī, ze naẓar marān gadā rā
শয়তান শত্রু থেকে খোদার কাছে পানাহ চাই,		ز رقیبِ دیوسیرت، به خدای خود پناهم	ze raqīb-e dīv-sīrat, be ḵẖodā-ye ḵẖod panāham
যদি না, হে খোদা, সেই উজ্জ্বল তারা হাত বাড়ায়।		مَگَر آن شهابِ ثاقِب مددی دهد، خدا را!	magar ān shahāb-e sāqeb madadī dahad, ḵẖodā rā!
কালো পাপড়ি যদি ইশারা করে রক্তের দিকে,		مُژِه‌یِ سیاهت اَرْ کرد به خونِ ما اشارت	mozhe-ye siyāhat ar kard be ḵẖūn-e mā eshārat
সাবধান থেকো, প্রিয়, ভুলো না তার প্রতারণায়।		ز فریبِ او بیندیش و غلط مکن، نگارا	ze farīb-e ū bīndīsh o ghalat makon, negārā
তোমার গালে পড়লে আলো দুনিয়ার দিল জ্বলে,		دلِ عالمی بِسوزی چُو عِذار بَرفُروزی	del-e ʿālamī besūzī cho ʿeẕār barforūzī
কি লাভ পাও তুমি যে একটুও গলো না দয়ায়?		تو از این چه سود داری، که نمی‌کنی مدارا؟	to az īn che sūd dārī, ke nemī-konī modārā?
সকালের বাতাস প্রেমিকের বার্তা বয়ে এনে		همه‌شب در این اُمیدم که نسیمِ صبحگاهی	hame-shab dar īn omīdam ke nasīm-e ṣobḥgāhī
প্রিয়াকে ছুঁয়ে দেবে সারা রাত থাকি এই আশায়।		به پیام آشنایان، بنوازد آشنا را	be payām-e āshenāyān, benavāzad āshenā rā
এ কেমন কেয়ামত দেখালে প্রেমিককে, ও জান?		چه قیامت است جانا، که به عاشقان نمودی؟	che qiyāmat ast jānā, ke be ʿāsheqān nemūdī?
মুখ দেখাও, জান দিল বলি তোমার রূপ দেখায়।		دل و جان فدای رویت، بِنَما عِذار ما را	del o jān fadā-ye rūyat, benamā ʿeẕār-e mā rā
ভোরে-ওঠা হাফিজকে এক চুমুক দাও, খোদার		به خدا، که جرعه‌ای دِه تو به حافظِ سحرخیز	be ḵẖodā, ke jorʿeʾī deh to be Ḥāfeẓ-e saḥarḵẖīz
দোহাই, যাতে সুফল পাও তার ভোরের দোয়ায়।		که دعایِ صبحگاهی، اثری کند شما را	ke doʿā-ye ṣobḥgāhī, asarī konad shomā rā
			
আসো, সুফি, কারণ পেয়ালা স্বচ্ছ আয়নার মতো,	7	صوفی بیا که آینه صافیست جام را	ṣūfī biyā ke āyeneh sāfīst jāme rā
যাতে দেখতে পাও রুবিরাঙা ওয়াইন স্বচ্ছ কত।		تا بنگری صفای مِی لِعْل‌فام را	tā bengarī ṣafā-ye mey-e laʿl-fām rā
পর্দার রহস্য খোঁজ করো মাতাল রিন্দের কাছে,		رازِ درونِ پرده زِ رندانِ مَست پُرس	rāz-e darūn-e parde ze rendān-e mast pors
উঁচু পদের জাহেদ জানে না এই হালের তত্ত্ব।		کاین حال نیست زاهدِ عالی‌مقام را	ke īn ḥāl nīst zāhed-e ʿālī-maqām rā
আনকা কারো শিকার হয় না, ফাঁদ গুটিয়ে নাও,		عَنقا شکارِ کَس نَشَوَد دام بازچین	ʿanqā shekār-e kas nashavad, dām bāzchīn
কারণ সেখানে সেই ফাঁদ শুধু বাতাসে আবৃত ।		کآنجا همیشه باد به دست است، دام را	ke ānjā hamīshe bād be dast ast dām rā
মজলিশে এক দুই গ্লাস পান করে চলে যাও,		در بَزمِ دُوْر، یک‌دو قدح درکش و برو	dar bazm-e dowr, yek-do qadaḥ darkesh o boro
অর্থাৎ আশা করো না মিলনের চিরস্থায়িত্ব।		یعنی طمع مَدار وصالِ مُدام را	yaʿnī ṭamaʿ madār veṣāl-e modām rā
ও দিল, যৌবন গেল, জীবন থেকে তুললে না ফুল,		ای دل شَباب رفت و نچیدی گلی زِ عِیش	ey del, shabāb raft o nachīdī golī ze ʿeysh
বৃদ্ধ শিরে আর নাম যশের পিছে ছুটবে কত?		پیرانه‌ سَر مکن هنری ننگ و نام را	pīrāneh-sar makon honarī nang o nām rā
বর্তমানের মজায় মন দাও, পানি শেষ হলে		در عِیشِ نقد کوش که چون آبخور نماند	dar ʿeysh-e naqḍ kūsh ke chon āb-ḵẖor namānad
আদমও রাখেনি শান্তির বাগান, হোক বেহেশ্ত।		آدمْ بِهِشتْ، روضهٔ دارُالسَلام را	Ādam be-hešt, rowżeh-ye dāru’l-salām rā
তোমার দোরগোড়ায় খিদমতের হক আমাদের,		ما را بر آستانِ تو بس حقِ خدمت است	mā rā bar āstān-e to bas ḥaqq-e ḵẖedmat ast
হে খাজা, করুণা করে আবার দেখো তোমার ভৃত্য।		ای خواجه بازبین به تَرَحُّم غُلام را	ey ḵẖwāja, bāzbīn be taraḥḥom gholām rā
হাফিজ গ্লাস ও ওয়াইনের মুরিদ, যাও, হে হাওয়া,		حافظ مریدِ جامِ مِی است ای صبا برو	Ḥāfeẓ morīd-e jāme mey ast, ey ṣabā boro
গ্লাসের শেখের কাছে নাও বান্দার বন্দেগি যত।		وز بنده بندگی برسان شیخِ جام را	o ze bande bandegī beresān sheyḵẖ-e jāme rā
			
সাকী, জেগে ওঠো, এই গ্লাস দাও ভরে,	8	ساقیا برخیز و دَردِه جام را	sāqiyā barkhīz o darde jāme rā
আর ধুলা ছোঁড়ো কালের দুঃখের শিরে।		خاک بر سر کن غمِ ایّام را	ḵẖāk bar sar kon ġam-e ayyām rā
মদের পেয়ালা দাও হাতে, যাতে আমি		ساغرِ مِی بر کَفَم نِه تا ز بَر	sāghar-e mey bar kafam neh tā ze bar
নীল জীর্ণ এ জামা ফেলতে পারি ছুঁড়ে।		بَرکِشَم این دلقِ اَزرَق‌فام را	barkesham īn delq-e azraq-fām rā
যদিও জ্ঞানীর কাছে আমাদের কুখ্যাতি,		گرچه بدنامی‌ست نزد عاقلان	garche badnāmīst nazd-e ʿāqelān
আমরা খ্যাতির পিছনে মরি না ঘুরে।		ما نمی‌خواهیم ننگ و نام را	mā nemī-ḵẖwāhīm nang o nām rā
ওয়াইন ঢালো, কত আর গর্বের বাতাস,		باده دَردِه چند از این بادِ غرور	bāde darde chand az īn bād-e ġurūr
ধুলা ছুঁড়ে দাও ব্যর্থ নফসের শিরে।		خاک بر سر، نفسِ نافرجام را	ḵẖāk bar sar, nafs-e nāfarjām rā
আমার দুখি বুকের দীর্ঘশ্বাসের		دودِ آهِ سینهٔ نالانِ من	dūd-e āh-e sīneh-ye nālān-e man
ধোঁয়ায় হতাশ বাচ্চারা গেছে পুড়ে।		سوخت این افسردگانِ خام را	sūkht īn afsordegān-e ḵẖām rā
আমার প্রেমে উন্মাদ দিলের প্রেমিক		محرمِ رازِ دلِ شیدایِ خود	moḥram-e rāz-e del-e sheydā-ye ḵẖod
দেখি না খাস বা আম জনতার ভিড়ে।		کس نمی‌بینم ز خاص و عام را	kas nemībīnam ze ḵẖāṣṣ o ʿām rā
এক স্নিগ্ধ প্রিয়ার খাতিরে আমি খুশি,		با دلارامی مرا خاطر خوش است	bā delārāmī marā ḵẖāṭer ḵẖosh ast
যে দিলের আরাম কেড়েছে একবারে।		کز دلم یک باره بُرد آرام را	kaz delam yekbāre bord ārām rā
সে বাগানে আর সাইপ্রেস দেখে না যে		ننگرد دیگر به سرو اندر چمن	nangarad dīgar be sarv andar chaman
দেখেছে সেই রুপালি সাইপ্রেসটারে।		هرکه دید آن سروِ سیم‌اندام را	har ke dīd ān sarv-e sīm-andām rā
সবুর করো, হাফিজ, রাত দিন কষ্ট,		صبر کن حافظ به سختی روز و شب	ṣabr kon Ḥāfeẓ be saḵẖtī-ye rūz o shab
একদিন তোমার কামনা যাবে পুরে।		عاقبت روزی بیابی کام را	ʿāqebat rūzī biyābī kām rā
			
যৌবনের জৌলুস আবার ফিরে পেয়েছে বাগান,	9	رونق عهد شباب است دگر بُستان را	rounaq-e ʿahd-e shabāb ast degar bostān rā
ফুলের সুখবর আনে সুরেলা বুলবুলের গান।		می‌رسد مژدهٔ گل بلبل خوش‌الحان را	mīrasad mozhde-ye gol bolbol-e ḵẖosh-alḥān rā
বাগানে তরুণদের কাছে গেলে, হাওয়া, আমাদের		ای صبا گر به جوانان چمن باز رَسی	ey ṣabā, gar be javānān-e chaman bāz rasī
সালাম যাতে পায় গোলাপ সাইপ্রেস রায়হান।		خدمت ما برسان سرو و گل و ریحان را	ḵẖedmat-e mā beresān sarv o gol o reyḥān rā
যদি ওয়াইন সেলার যুবক প্রকাশ করে রূপ		گر چنین جلوه کند مغبچهٔ باده‌فروش	gar chenīn jalveh konad maghbeche-ye bādeforūsh
চোখের পাপড়ি দিয়ে ঝাড়ু দিব বারের খিলান।		خاک‌روبِ درِ میخانه کنم مژگان را	ḵẖākrob-e dar-e meykhāneh konam mozhgān rā
ওহে, পিউর অম্বুরি চৌগান দিয়ে যে চালাও চাঁদ,		ای که بر مه کشی از عَنبرِ سارا چوگان	ey ke bar mah keshī az ʿanbar-e sāra chaugān
ইতিমধ্যে পথভ্রষ্ট মনে আর তুলো না তুফান।		مضطرب‌حال مگردان، من سرگردان را	moẓṭareb-ḥāl magardān man-e sargardān rā
গ্লাসের তলানি খাওয়া মাতালকে যারা ব্যঙ্গ করে		ترسم این قوم که بر دُردکشان می‌خندند	tarsam īn qowm ke bar dordkeshān mīḵẖandand
শেষে তারাই খারাবাতের বারে হারাবে ঈমান।		در سر کار خرابات کنند ایمان را	dar sar-e kār-e ḵẖarābāt konand īmān rā
বন্ধু করো খোদার মর্দকে, কারণ নূহের নৌকায়		یار مردان خدا باش که در کشتی نوح	yār-e mardān-e ḵẖodā bāsh ke dar keshtī-ye Nūḥ
এমন মাটি আছে যা ডুবাতে পারে না মহা-বান।		هست خاکی که به آبی نخرد طوفان را	hast ḵẖākī ke be ābī nakharad ṭūfān rā
আকাশের ঘর থেকে যাও, এখানে রুটি খুঁজো না,		برو از خانهٔ گردون به در و نان مطلب	boro az ḵẖāneh-ye gardūn be dar o nān maṭlab
সে কালো বাটির কারণে শেষে মরবে মেহমান।		کآن سیه‌کاسه در آخر بِکُشد مهمان را	ke ān siyah-kāseh dar āḵẖer bekoshed mehman rā
যার ঘুমানোর শেষ ঘর শুধু এক মুঠি ধুলা		هر که را خوابگه آخر مشتی خاک است	har ke rā ḵẖwābgah-e āḵẖer moshtī ḵẖāk ast
বলো সে কেন তুলতে চায় আকাশছোঁয়া দালান?		گو چه حاجت که به افلاک کشی ایوان را	gū che ḥājat ke be aflāk keshī īvān rā
ওরে কেনানের চাঁদ, মিশরের মসনদ তোমার,		ماه کنعانی من! مسند مصر آنِ تو شد	māh-e Kanʿānī-ye man! masnad-e Meṣr ān-e to shod
এখন তোমার কারাবন্দি জীবনের অবসান।		وقت آن است که بدرود کنی زندان را	vaqt-e ān ast ke bedrūd konī zendān rā
হাফিজ, মদ খাও, থাকো রিন্দের মতো খুশি, কিন্তু		حافظا می خور و رندی کن و خوش باش ولی	Ḥāfeẓā, mey ḵẖor o rendī kon o ḵẖosh bāsh, valī
অন্যদের মতো ভণ্ডামির ফাঁদে ফেলো না কুরআন।		دام تزویر مکن چون دگران قرآن را	dām-e tazwīr makon chon degarān Qurʾān rā
			
গত রাতে মসজিদ থেকে বারে আসলেন পীর;	10	دوش از مسجد سویِ میخانه آمد پیرِ ما	dūsh az masjed sū-ye meykhāneh āmad pīr-e mā
তবে, তরিকতের সাথীরা, কি আমাদের তদবির?		چیست یارانِ طریقت بعد از این تدبیرِ ما؟	chīst yārān-e ṭarīqat baʿd az īn tadbīr-e mā?
আমরা মুরিদরা কিভাবে কিবলার দিকে ফিরব		ما مریدان روی سویِ قبله چون آریم چون؟	mā morīdān rūy sū-ye qebleh chon ārīm, chon?
যদি ওয়াইন সেলারের দিকে ফিরেন স্বয়ং পীর?		روی سویِ خانهٔ خَمّار دارد پیرِ ما	rūy sū-ye ḵẖāneh-ye ḵẖammār dārad pīr-e mā
তরিকতের খারাবাতে আমরা একসাথে থাকি,		در خراباتِ طریقت ما به هم منزل شویم	dar ḵẖarābāt-e ṭarīqat mā be ham manzel shawīm
কারণ আদিকাল থেকে এই আমাদের তকদির।		کاین‌چنین رفته‌ است در عهدِ ازل تقدیرِ ما	ke in-chenīn rafteh ast dar ʿahd-e azal taqdīr-e mā
বুদ্ধি যদি বুঝত দিলের সুখ তার চুলের ফাঁসে,		عقل اگر داند که دل در بندِ زلفش چون خوش است	ʿaql agar dānad ke del dar band-e zolfash chon ḵẖosh ast
বোদ্ধাদেরও দিওয়ানা করত আমাদের জিঞ্জির।		عاقلان دیوانه گردند از پیِ زنجیرِ ما	ʿāqelān dīvāneh gardand az pey-e zanjīr-e mā
তোমার সুন্দর মুখ আমাদের দেখাল করুণা,		رویِ خوبت آیتی از لطف بر ما کشف کرد	rūy-e ḵẖūbat āyatī az loṭf bar mā kashf kard
সে থেকে বিউটি করুণা ছাড়া কিছু না তাফসির।		زان زمان جز لطف و خوبی نیست در تفسیرِ ما	zān zamān joz loṭf o ḵẖūbī nīst dar tafsīr-e mā
তোমার পাষাণ দিলে কোনো রাতে আগুন ধরাবে		با دلِ سنگینت آیا هیچ درگیرد شبی	bā del-e sangīnat āyā hīch dargīrad shabī
আমাদের রাতজাগা বুকে দীর্ঘশ্বাসের মদির?		آهِ آتشناک و سوزِ سینهٔ شبگیرِ ما؟	āh-e ātashnāk o sūz-e sīneh-ye shabgīr-e mā?
দীর্ঘশ্বাসের তির আকাশ ছাড়ায়, মৌন হাফিজ,		تیرِ آهِ ما ز گردون بگذرد حافظ خموش	tīr-e āh-e mā ze gardūn bogẕarad, Ḥāfeẓ ḵẖamūsh
নিজের জান রহম করো, ঠেকাও আমাদের তির।		رحم کن بر جانِ خود پرهیز کن از تیرِ ما	raḥm kon bar jān-e ḵẖod, parhīz kon az tīr-e mā
			
সাকী, মদের আলোয় আলোকিত করো গ্লাস আমাদের;	11	ساقی به نورِ باده برافروز جامِ ما	sāqī be nūr-e bāde bar-afrūz jāme mā
গায়ক, গাও, জাহান হলো কামনার বাস আমাদের।		مطرب بگو که کارِ جهان شُد به کامِ ما	moṭreb begū ke kār-e jahān shod be kām-e mā
আমরা পেয়ালায় দেখেছি প্রিয়ার মুখের ছবি; বেখবর,		ما در پیاله عکس رخِ یار دیده‌ایم	mā dar peyāleh ʿaks-e roḵẖ-e yār dīdeh-īm
তুমি জানো না একটানা পান করার বিলাস আমাদের।		ای بی‌خبر ز لَذَّتِ شُربِ مُدامِ ما	ey bī-khabar ze lazzat-e shorb-e modām-e mā
কখনোই মরে না সে যার হৃদয় বেঁচে উঠেছে প্রেমে,		هرگز نمیرد آن که دلش زنده شد به عشق	hargez namīrad ān ke delash zendeh shod be ʿeshq
নিখিলের খাতায় লেখা অনন্ত ইতিহাস আমাদের।		ثبت است بر جَریدهٔ عالم دوامِ ما	sabt ast bar jarīdeh-ye ʿālam davām-e mā
এত কারিশমা ও আহ্লাদ দীর্ঘদেহী রূপসীদের যে		چندان بُوَد کرشمه و نازِ سَهی‌قدان	chandān bovad kereshmeh o nāz-e sahī-qadān
সাইপ্রেসও চায় দেবদারু-হাঁটার অভ্যাস আমাদের।		کآید به جلوه سروِ صنوبرخَرامِ ما	ka āyad be jalveh sarv-e sanowbar-ḵẖarām-e mā
ও হাওয়া, যদি বন্ধুদের গুলশান দিয়ে যাও,		ای باد اگر به گُلشنِ اَحباب بُگذری	ey bād agar be golshan-e aḥbāb bogẕarī
দয়া করে জানের কাছে পৌঁছে দিও আভাস আমাদের।		زِنهار، عَرضه دِه بَرِ جانان پیامِ ما	zenhār, ʿarẓeh deh bar-e jānān payām-e mā
তাকে বলো, ইচ্ছা করে আমাদের নাম কেন ভুলে যায়?		گو نامِ ما زِ یاد به عمدا چه می‌بری؟	gū nām-e mā ze yād be ʿamdan che mī-barī?
যা ভুলে যাও তা ফের আনবে নামের পাশ আমাদের।		خود آید آن که یاد نیاری ز نامِ ما	ḵẖod āyad ān ke yād nayārī ze nām-e mā
আমাদের দিলে বাঁধা দয়িতার চোখে নেশা সুন্দর,		مستی به چشمِ شاهدِ دلبندِ ما خوش است	mastī be chashm-e shāhed-e delband-e mā ḵẖosh ast
তাই তো নেশার হাতে সোপর্দ করা রাশ আমাদের।		زآن رو سپرده‌اند به مستی زمامِ ما	ze ān rū seporde-and be mastī zemām-e mā
ভয় হয় শেষ বিচারে শেখের হালাল রুটির চেয়ে		ترسم که صَرفه‌ای نَبَرَد روزِ بازخواست	tarsam ke ṣarfah’ī nabarad rūz-e bāzḵẖvāst
বেশি লাভ পাবে আঙুরের হারাম নির্যাস আমাদের।		نانِ حلالِ شیخ ز آبِ حرامِ ما	nān-e ḥalāl-e sheyḵẖ ze āb-e ḥarām-e mā
চোখ থেকে এক দানা অশ্রু বর্ষণ করো, হাফিজ,		حافظ ز دیده دانهٔ اشکی همی‌فشان	Ḥāfeẓ ze dīdeh dāneh-ye ashkī hamī-feshān
হয়ত মিলনপাখি ধরতে চাবে ফাঁদের গ্রাস আমাদের।		باشد که مُرغِ وصل کُند قصدِ دامِ ما	bāshad ke morgh-e vaṣl konad qaṣd-e dām-e mā
আকাশের সবুজ দরিয়া আর হেলালের বাঁকা নৌকা		دریای اَخضَرِ فَلَک و کَشتی هِلال	daryā-ye akhẓar-e falak o kashtī-ye helāl
ডুবিয়ে দেয় হাজি কাওয়ামের আশ্বাস আমাদের।		هستند غرقِ نعمتِ حاجی‌قوامِ ما	hastand ḡarq-e neʿmat-e Ḥājjī-Qavām-e mā
			
চাঁদ-সুন্দরের আলো ঝরে মুখে অম্লান তোমার,	12	ای فروغِ ماهِ حُسن‌، از روی رخشان شما	ey forūgh-e māh-e ḥosn, az rūy-e roḵẖshān-e shomā
রূপের দীপ্তি ছড়ায় চিবুকের নিপান তোমার।		آبِ‌روی خوبی از چاه زَنَخدان شما	āb-e rūy-e ḵẖūbī az chāh-e zanakhdān-e shomā
তোমাকে দেখতে চায় অধরে আসা অধীর জান;		عزم دیدار تو دارد جانِ بر لب آمده	ʿazm-e dīdar-e to dārad jāne bar lab āmadeh
ফিরে যাবে না বেরিয়ে যাবে, কি ফরমান তোমার?		باز گردد یا برآید؟ چیست فرمان شما؟	bāz gardad yā bar-āyad? chīst farmān-e shomā?
তোমার নার্গিস ঘিরে দৌড়িয়ে কেউ রক্ষা পায়নি,		کَس به دور نرگست طرفی نبست از عافیت	kas be dūr-e nargeseṭ tarfī nabast az ʿāfīyat
বিক্রি করো না মাতালদের কাছে সম্মান তোমার।		بِه که نفروشند مستوری به مستان شما	beh ke nafroshand mastūrī be mastān-e shomā
আমাদের ঘুমিয়ে থাকা ভাগ্য কি জাগবে কখনো		بخت خواب‌آلود ما بیدار خواهد شد مگر	baḵẖt-e ḵẖwāb-ālūde-ye mā bīdār ḵẖwāhad shod magar
যদি চোখে জল না দেয় মুখের ভাস্বান তোমার।		زان که زد بر دیده آبی، روی رخشان شما	zān ke zad bar dīdeh ābī, rūy-e roḵẖshān-e shomā
জামা থেকে পাঠাও ফুলের তোড়া পূবালি হাওয়ায়,		با صبا همراه بفرست از رخت گل دسته‌ای	bā ṣabā hamrāh beferest az reḵẖt goldasteh-ī
যাতে আমরা পাই বাগানের ধুলার ঘ্রাণ তোমার।		بو که بویی بشنویم از خاک بستان شما	bū ke bū-ī beshnavīm az ḵẖāk-e bostān-e shomā
তোমাদের আয়ু আশা পুরাক, জামশিদের সাকী,		عمرتان باد و مراد ای ساقیانِ بزمِ جم	ʿomretān bād o morād, ey sāqiyān-e bazm-e Jam
না পুরাক আমাদের গ্লাস যুগের আপান তোমার।		گرچه جام ما نشد پُر مِی به دوران شما	garche jāme mā nashod por-e mey be dowrān-e shomā
ভাঙছে আমার দিল, দিলদারকে খবর দাও,		دل خرابی می‌کند، دلدار را آگه کنید	del ḵẖarābī mīkonad, deldār rā āgah konīd
হে দোস্ত, নয় যাবে আমার জান ও জান তোমার।		زینهار ای دوستان‌، جان من و جان شما	zīnehār ey dūstān, jān-e man o jān-e shomā
এ ইচ্ছা কে পূরণ করবে, রব? যে হাত মিলাক		کی دهد دست این غرض یا رب که همدستان شوند‌؟	key dehad dast īn ġaraż yā rab, ke hamdastān shavand?
আমাদের যৌথ আত্মা ও চুলের বিথান তোমার।		خاطر مجموع ما، زلف پریشان شما	ḵẖāṭer-e majmūʿ-e mā, zolf-e parishān-e shomā
এদিকে এলে ধুলা ও রক্ত থেকে জামা দূরে রেখো,		دور دار از خاک و خون دامن، چو بر ما بگذری	dūr dār az ḵẖāk o ḵẖūn dāman, cho bar mā bogẕarī
এই পথে অনেকেই হয়েছে কুরবান তোমার।		کَاندَر این ره کشته بسیارند، قربان شما	ke andar īn rah koshteh besyār-and, qorbān-e shomā
হাফিজ দোয়া করছে, শোনো এবং বলো, আমিন,		می‌کند حافظ دعایی، بشنو، آمینی بگو	mīkonad Ḥāfeẓ doʿāyī, beshnav, āmīnī begū
আমাদের রুজি হোক রুবি চিনির দান তোমার।		روزی ما باد لعل شَکَّرافشان شما	rūzī-ye mā bād laʿl-e shakkar-afshān-e shomā
পূবালি, ইয়াজদে সবাইকে আমাদের হয়ে বলো,		ای صبا با ساکنانِ شهرِ یزد از ما بگو	ey ṣabā bā sākenān-e shahr-e Yazd az mā begū
বেইমানের মাথা নিয়ে খেলে চৌগান তোমার।		کِای سر حق‌ناشناسان گوی چوگان شما	ke ey sar-e ḥaqq-nāshenāsān gūy-e chowgān-e shomā
যদিও আসর থেকে আমরা দূরে, হিম্মত দূরে না,		گرچه دوریم از بساط قُرب‌، همّت دور نیست	garche dūrīm az basāṭ-e qorb, hemmat dūr nīst
আমরা তোমাদের শাহের বান্দা, গাই গান তোমার।		بندهٔ شاه شماییم و ثناخوان شما	bande-ye shāh-e shomāyīm o sanā-ḵẖwān-e shomā
তারা-ভাগ্য শাহেনশাহ, খোদার দোহাই, হিম্মত দাও,		ای شَهنشاه بلند اختر‌، خدا را همّتی	ey shāhanshāh-e boland-aḵẖtar, ḵẖodā rā hemmatī
তারার মতো চুমু খেতে চাই ধুলার উঠান তোমার।		تا ببوسم همچو اختر خاک ایوان شما	tā bebusam hamcho aḵẖtar ḵẖāk-e īvān-e shomā
			
ফুটে উঠছে সকাল, মেঘেরা পাগড়ি পরে;	13	می‌دمد صبح و کِلِّه بست سحاب	mīdamad ṣobḥ o kelle bast saḥāb
ভোরের ওয়াইন, হে সঙ্গী, ওয়াইন এই ভোরে।		الصَبوح الصَبوح یا اصحاب	al-ṣabūḥ al-ṣabūḥ yā aṣḥāb
টিউলিপের লাল গালে ঝরে পড়ে শিশির;		می‌چکد ژاله بر رخِ لاله	mīchakad zhāleh bar roḵẖ-e lāleh
মদের ধারা, মদের ধারা, আসো বন্ধু ওরে।		المُدام المُدام یا احباب	al-modām al-modām yā aḥbāb
ময়দান থেকে আসছে বেহেশ্তের বাতাস,		می‌وزد از چمن نسیمِ بهشت	mīvazad az chaman nasīm-e behešt
নিখাদ ওয়াইন খাও দমে দমে চিরতরে।		هان، بنوشید دَم به دَم مِیِ ناب	hān, benūshīd dam be dam mey-e nāb
বাগানে ফুল পেতেছে পান্নার সিংহাসন,		تخت زُمْرُد زده است گل به چمن	taḵẖt-e zumorrod zadeh ast gol be chaman
রুবির মতো আগুন মদ পান করো ধরে।		راحِ چون لعلِ آتشین دریاب	rāḥ-e chon laʿl-e ātasheen daryāb
বারের দরজা তারা বন্ধ করেছে আবার,		درِ میخانه بسته‌اند دگر	dar-e meykhāneh basteh-and degar
ওপেনার, খুলে দাও দরজা ওপেন করে।		اِفتَتِح یا مُفَتِّح الاَبواب	iftaṭiḥ yā mofattih al-abwāb
তোমার দাঁত আর ঠোঁটের নিমকের হক		لب و دَندانْت را حقوق نمک	lab o dandān-at rā ḥoqūq-e namak
জান আর সিনায় যা কাবাব হয়েছে পুড়ে।		هست بر جان و سینه‌هایِ کباب	hast bar jān o sīneh-hā-ye kabāb
এমন মৌসুম তো আজব হতেই হবে		این چنین موسِمی عجب باشد	īn chenīn mawsamī ʿajab bāshad
যদি এত দ্রুত দেয় সব বার বন্ধ করে।		که ببندند میکده به شتاب	ke bebbandand meykadeh be shetāb
দেখে পরীর মতো শরীরের সাকীর মুখ		بر رخِ ساقیِ پری پیکر	bar roḵẖ-e sāqī-ye parī-peykar
নিখাদ ওয়াইন খাও হাফিজের মতো ধীরে।		همچو حافظ بنوش بادهٔ ناب	hamcho Ḥāfeẓ benūsh bāde-ye nāb
			
গরিবে দয়া করো, রূপের সুলতানকে বলি একদিন;	14	گفتم ای سلطانِ خوبان رحم کن بر این غریب	goftam ey soltān-e ḵẖūbān, raḥm kon bar īn ḡarīb
সে বলে, দিলের পিছনে চললে গরিব হয় মিসকিন।		گفت در دنبالِ دل، رَه گُم کُنَد مسکین غریب	goft: "dar donbāl-e del, rah gom konad meskīn ḡarīb"
বললাম, একটু থাকো; বলল, পারব না, মাফ করো;		گفتمش مَگذر زمانی، گفت معذورم بدار	goftamesh magzar zamānī, goft: "maʿẓūram bedār"
গরিবের দুঃখ সইবে না যার বিলাসে কেটেছে দিন।		خانه پروردی چه تاب آرد غم چندین غریب	ḵẖāneh-parvardī che tāb ārād ḡamme chandīn ḡarīb?
শাহী পশমে ঘুমায় যে-রূপসী দুঃখের সে কি বুঝবে?		خفته بر سنجابِ شاهی نازنینی را چه غم؟	ḵẖofte bar sanjāb-e shāhī, nāzanīnī rā che ḡam?
গরিবের বালিশ বিছানা শুধু পাথর কাঁটায় লীন।		گر ز خار و خاره سازد بستر و بالین غریب	gar ze ḵẖār o ḵẖāreh sāzad bastar o bālīn ḡarīb
ওহে, যার চুলের জিঞ্জিরে থাকে পরিচিত অনেকেই,		ای که در زنجیرِ زلفت جایِ چندین آشناست	ey ke dar zanjīr-e zolfat jāye chandīn āshenāst
কস্তুরীকালো তিলে গরিবের গাল সুন্দর রঙিন।		خوش فتاد آن خالِ مشکین بر رخِ رنگین غریب	ḵẖosh fotād ān ḵẖāl-e moshkīn bar roḵẖ-e rangīn-e ḡarīb
তোমার চাঁদমুখের রঙে ওয়াইনের প্রতিফলন		می‌نماید عکسِ مِی، در رنگِ رویِ مَه وَشَت	mīnamāyad ʿaks-e mey dar rang-e rūy-e mahvashet
যেন আর্গাবনের পাতার তলে অদ্ভুত নাসরিন।		همچو برگِ ارغوان بر صفحهٔ نسرین، غریب	hamcho barg-e arḡavān bar ṣafḥeh-ye nasrīn, ḡarīb
তোমার মুখের ধারে অদ্ভুত লাগে পিঁপড়ার রেখা,		بس غریب افتاده است آن مور خَط، گِردِ رُخَت	bas ḡarīb oftādeh ast ān mūr-e ḵẖaṭ, gird-e roḵẖat
গরিব না যদিও রূপের ঘরে কালো রেখার মার্জিন।		گرچه نَبوَد در نگارستان، خطِ مشکین غریب	garche nabovad dar negārestān, ḵẖaṭṭ-e moshkīn ḡarīb
বললাম, হে গরিবের সন্ধ্যা, রাতের মতন কালো চুল,		گفتم ای شامِ غریبان طُرِّهٔ شبرنگِ تو	goftam ey shām-e ḡarībāni, ṭorreh-ye shab-rang-e to
সকালে সতর্ক থেকো গরিবের কান্না হলে সঙিন।		در سحرگاهان حذر کن چون بنالد این غریب	dar saḥargāhān ḥaẓar kon, chon benālād īn ḡarīb
বলল, হাফিজ, যেখানে বন্ধুরা আছে বিভ্রান্তির ঘেরে,		گفت حافظ آشنایان در مقامِ حیرتند	goft: "Ḥāfeẓ, āshenāyān dar maqām-e ḥeyratand"
অবাক কি আর যদি গরিব হয় অসহায় মিসকিন।		دور نَبوَد گر نشیند خسته و مسکین غریب	dūr nabovad gar neshīnad ḵẖasteh o meskīn ḡarīb
			
ওরে স্বর্গের সুন্দর, কে খুললো তোমার নেকাব?	15	ای شاهد قدسی، کِه کَشَد بند نقابت؟	ey shāhed-e qodsī, ke kashad band-e neqābat?
বেহেশ্তের পাখি, কে মিটাল দানাপানির অভাব?		وی مرغ بهشتی، که دهد دانه و آبت؟	ey morgh-e beheštī, ke dahad dāneh o ābat?
আমার ঘুম উড়ে গেল জিগরজ্বালানো চিন্তায়,		خوابم بشد از دیده در این فکر جگرسوز	ḵẖwābam beshod az dīdeh dar īn fekr-e jigar-sūz
কার বুকে মঞ্জিল পেলো তোমার আয়েশ খোয়াব?		کآغوشِ که شد منزل آسایش و خوابت؟	kāġhūsh-e ke shod manzel-e āsāyesh o ḵẖwābat?
দরবেশের খোঁজ নাও না, আমার ভয় হয়		درویش نمی‌پرسی و ترسم که نباشد	darvīsh nemīporsī o tarsam ke nabāshad
যে পরিত্রাণ নাই তোমার চিন্তায়, নাই সোয়াব।		اندیشهٔ آمرزش و پروای ثوابت	andīshe-ye āmorzeš o parvā-ye sawābat
মাতাল চোখে বশ করেছ কত আশিকের দিল,		راه دل عشّاق زد آن چشم خماری	rāh-e del-e ʿoshshāq zad ān chashm-e ḵẖommārī
এই থেকে বোঝা যায় কত কড়া তোমার শরাব।		پیداست از این شیوه که مست است شرابت	peydāst az īn shīveh ke mast ast sharābat
চোখ দিয়ে যে তির ছুঁড়েছ দিলে তা বিঁধেনি,		تیری که زدی بر دلم از غمزه خطا رفت	tīrī ke zadī bar delam az ḡamzeh ḵẖaṭā raft
দেখি এখন কি রায়ে দাও তুমি মনের জবাব।		تا باز چه اندیشه کند رأی صوابت	tā bāz che andīshe konad raʾy-e ṣawābat
যত ফরিয়াদ আর্তনাদ করেছি, তুমি শোনোনি,		هر ناله و فریاد که کردم نشنیدی	har nāleh o faryād ke kardam nashnīdī
তাই, প্রিয়, বুঝি তুমি কত উপরে থাকা জনাব।		پیداست نگارا که بلند است جَنابت	peydāst, negārā, ke boland ast janābat
পানির উৎস এই মরু থেকে বহু দূর, হুঁশিয়ার,		دور است سر آب از این بادیه، هش دار	dūr ast sar-e āb az īn bādīyeh, hosh dār
তোমাকে ধোঁকা না দিক মরীচিকার কুপ্রভাব।		تا غول بیابان نفریبد به سرابت	tā ghūl-e biyābān nafarībad be sarābat
হায়, দিল, কেমন ভাবে হাঁটবে বার্ধক্যের পথে		تا در ره پیری به چه آیین رَوی ای دل	tā dar rahe pīrī be che āyīn ravī, ey del?
যেখানে গলদ ছিল তোমার যৌবনের স্বভাব?		باری به غلط صرف شد ایّامِ شبابت	bārī be ḡalaṭ ṣarf shod ayyām-e shabābat
ও হৃদয়পোড়ানো প্রাসাদ, ও মিলনের মঞ্জিল,		ای قصرِ دل‌افروز که منزلگهِ انسی	ey qaṣr-e delafruz ke manzelgahe onsī
কালের খারাপে তুমি ধ্বংস না হও, ইয়া রব।		یا رب مَکُناد آفتِ ایّام، خرابت	yā rab, makonād āfat-e ayyām ḵẖarābat
হাফিজ এমন গোলাম না যে প্রভু থেকে পালাবে,		حافظ نه غلامیست که از خواجه گریزد	Ḥāfeẓ na gholāmīst ke az ḵẖwāja gorīzad
শান্তিতে ফিরে আসো, তোমার গালিতে আমি খারাপ।		صلحی کن و بازآ که خرابم ز عِتابت	ṣolḥī kon o bāzā ke ḵẖarābam ze ʿetābat
			
তোমার দুরন্ত ভুরুর বাঁক থেকে ছোঁড়া কামান	16	خَمی که ابرویِ شوخِ تو در کمان انداخت	ḵẖamī ke abru-ye shūḵẖ-e to dar kamān andākht
এসেছিল আমার জানের দিকে, ক্লান্ত পেরেশান।		به قصد جانِ منِ زارِ ناتوان انداخت	be qaṣd-e jān-e man-e zār-e nātavān andākht
দুই জগতের নকশা ছিল না যখন প্রেমের রং		نبود نقش دو عالَم، که رنگ الفت بود	nabūd naqsh-e do ʿālam ke rang-e olfat būd
এ জামানার অনেক আগে সময় করে নির্মাণ।		زمانه طرح محبّت، نه این زمان انداخت	zamāneh tarḥ-e moḥabbat na īn zamān andākht
নার্গিস কারিশমার গর্বে একবার তাকানোতে		به یک کرشمه که نرگس به خودفروشی کرد	be yek kereshmeh ke nargis be ḵẖodforūshī kard
তোমার চোখ একশ ফিতনায় ছেয়েছে জাহান।		فریبِ چشمِ تو صد فتنه در جهان انداخت	farīb-e chashm-e to sad fetneh dar jahān andākht
মদে অভ্যস্ত মাতাল তুমি গিয়েছিলে বাগিচায়,		شراب‌خورده و خِوی‌کرده می‌رَوی به چمن	sharāb-ḵẖorde o ḵẖvī-karde mīravi be chaman
তোমার মুখের জলে আগুন হয়েছে আর্গাবন।		که آبِ روی تو آتش در ارغوان انداخت	ke āb-e rūy-e to ātaš dar arḡavān andākht
রাতে মাতাল আমি বাগানের বার হয়ে গেলাম,		به بزمگاهِ چمن، دوش، مست، بگذشتم	be bazmgāh-e chaman, dūsh, mast, bogẕashtam
ফুল দেখে মনে হলো সে তোমার মুখের সমান।		چو از دهانِ توأم غنچه در گُمان انداخت	cho az dahān-e toam ġonche dar gomān andākht
ভায়োলেট বাঁধছিল তার পাকানো চুলের গোছা,		بنفشه طُرِّهٔ مفتول خود گره می‌زد	banafshe ṭorreh-ye maftūl-e ḵẖod gereh mīzad
ভোরের হাওয়া তাতে বলে তোমার চুলের বয়ান।		صبا حکایتِ زلفِ تو در میان انداخت	ṣabā ḥekāyat-e zolf-e to dar miyān andākht
তোমার মুখের সাথে তুলনা করেছি এ লজ্জায়		ز شَرمِ آن که به روی تو نسبتش کردم	ze sharm-e ān ke be rūy-e to nesbatash kardam
জুঁই ভোরের হাওয়া দিয়ে মুখ করে ধুলায় ম্লান।		سمن به دستِ صبا، خاک در دهان انداخت	saman be dast-e ṣabā, ḵẖāk dar dahān andākht
আগে ধর্মের ভয়ে এড়িয়ে যেতাম গান ও ওয়াইন,		من از ورع، مِی و مطرب ندیدمی زین پیش	man az weraʿ, mey o moṭreb nadīdamī ze in pīsh
আজ বারের তরুণ মাজি পাগল করে পরান।		هوای مغبچگانم در این و آن انداخت	havā-ye maghbechegānam dar īn o ān andākht
আমি এখন খিরকা ধুই রুবি রঙের ওয়াইনে,		کنون به آبِ میِ لعل، خرقه می‌شویَم	konūn be āb-e mey-e laʿl, ḵẖerqe mīshuyam
কারণ এড়ানো যায় না অনন্ত নসিবের টান।		نصیبهٔ ازل از خود نمی‌توان انداخت	naṣībeh-ye azal az ḵẖod nemītavān andākht
হয়ত হাফিজের মুক্তি সেই খারাপের মধ্যেই		مگر گشایشِ حافظ در این خرابی بود	magar gošāyeš-e Ḥāfeẓ dar īn ḵẖarābī būd
মাজির মদে যা তার নিয়তির অন্তহীন দান।		که بخششِ ازلش، در میِ مغان انداخت	ke bakhshesh-e azalash dar mey-e moghān andākht
আমার মনের মতো এখন জাহান, জামানার দৌড়ে		جهان به کامِ من اکنون شود که دورِ زمان	jahān be kām-e man aknūn shavad ke dawr-e zamān
আমি সে-খাজার দাস যার রাজ্য সারা জাহান।		مرا به بندگیِ خواجهٔ جهان انداخت	marā be bandegī-ye ḵẖwājeh-ye jahān andākht
			
দিলের আতশে আমার বুক জানের কারণে পোড়ে,	17	سینه از آتش دل، در غمِ جانانه بسوخت	sīneh az ātaš-e del dar ḡamme jānāneh besūkht
আমার সারাটা বাড়ি এই ঘরের আগুনে পোড়ে।		آتشی بود در این خانه که کاشانه بسوخت	ātašī būd dar īn ḵẖāneh ke kāshāneh besūkht
দিলবারের দূরত্বে আমার শরীর গলে গেল,		تنم از واسطهٔ دوریِ دلبر بگداخت	tanam az vāseṭeh-ye dūrī-ye delbar begdākht
জানের জন্য আমার প্রাণ প্রেমের আগুনে পোড়ে।		جانم از آتشِ مهرِ رخِ جانانه بسوخت	jān-am az ātaš-e mehr-e roḵẖ-e jānāneh besūkht
দিলের দহন দেখো, অশ্রুর আতশে মোমের দিল		سوزِ دل بین که ز بس آتش اشکم، دلِ شمع	sūz-e del bīn ke ze bas ātaš-e ashkam, del-e shamʿ
মথের মতন গত রাতে প্রেমের মথনে পোড়ে।		دوش بر من ز سرِ مِهر، چو پروانه بسوخت	dūsh bar man ze sar-e mehr, cho parvāneh besūkht
চেনা কেউ না, তবু সে আমার দিলের দরদিয়া,		آشنایی نه غریب است که دلسوزِ من است	āshenā’ī na ḡarīb ast ke delsūz-e man ast
নিজেকে হারালাম, বেগানা আমার স্মরণে পোড়ে।		چون من از خویش برفتم، دلِ بیگانه بسوخت	chon man az ḵẖwīsh boraftam, del-e bīgāneh besūkht
বৈরাগী খিরকা ভেসে গেছে খারাবাতের পানিতে,		خرقهٔ زهدِ مرا، آبِ خرابات ببُرد	ḵẖerqe-ye zoḥd-e marā, āb-e ḵẖarābāt bebord
আমার বোধবুদ্ধির ঘর বারের আগুনে পোড়ে।		خانهٔ عقلِ مرا، آتشِ میخانه بسوخت	ḵẖāneh-ye ʿaql-e marā, ātaš-e meykhāneh besūkht
তওবার সাথে-সাথে পেয়ালার মতো ভাঙে দিল,		چون پیاله دلم از توبه که کردم بشکست	chon peyāleh delam az towbeh ke kardam beshekast
জিগর লালে'র মতো ওয়াইন ও বার বিহনে পোড়ে।		همچو لاله، جگرم بی می و خُمخانه بسوخت	hamcho lāleh, jigar-am bī mey o ḵẖomḵẖāneh besūkht
কথা কমাও, ফিরে আসো, আমার চোখের লোকেরা		ماجرا کم کن و بازآ که مرا مردمِ چشم	mājarā kam kon o bāzā, ke marā mardom-e chashm
আমার শির থেকে খিরকা খুলে শোকরানে পোড়ে।		خرقه از سر به درآورد و به شکرانه بسوخت	ḵẖerqe az sar be darāvard o be shekārāneh besūkht
হাফিজ, কাহিনি করো না, এক চুমুক মদ খাও;		ترک افسانه بگو حافظ و مِی نوش دمی	tark-e afsāneh begū, Ḥāfeẓ, o mey nūsh damī
সারা রাত ঘুমাইনি, মোম কাহিনির টানে পোড়ে।		که نَخُفتیم شب و شمع به افسانه بسوخت	ke naḵẖoftīm shab o shamʿ be afsāneh besūkht
			
সাকী, ঈদ মোবারক, সুন্দর আগামীর বরাতে,	18	ساقیا آمدنِ عید، مبارک بادت	sāqiyā, āmadan-e ʿīd, mobārak bādat
যত প্রতিশ্রুতি দিয়েছিলে সব মনে থাকে যাতে।		وان مَواعید که کردی، مَرَواد از یادت	vān mavāʿīd ke kardī, maravād az yādat
অবাক হয়েছি যে তুমি এই বিরহের সময়		در شگفتم که در این مدّتِ ایّامِ فراق	dar shegeftam ke dar īn moddat-e ayyām-e ferāq
শুধু সঙ্গীর দিল নিতে আর নিজের দিল দিতে।		برگرفتی ز حریفان دل و دل می‌دادت	bargereftī ze ḥarīfān del o del mīdādat
আঙুরকন্যার দাস হও, তাকে আসতে দাও,		برسان بندگیِ دختر رَز، گو به درآی	beresān bande-gī-ye doḵṯar-e raz, gū be darāy
তোমার বাঁধন ভেঙেছে আমাদের দমে হিম্মতে।		که دَم و همّت ما کرد ز بند، آزادت	ke dam o hemmat-e mā kard ze band, āzādat
মজলিসের সুখ তোমার আগমনে ও কদমে,		شادی مجلسیان در قدم و مقدم توست	shādī-ye majlesiyān dar qadam o moghaddam-e tost
তোমার সুখ না চাওয়া দিল ভাসুক দুখের স্রোতে।		جای غم باد، مَر آن دل که نخواهد شادت	jāy-e ḡam bād, mar ān del ke naḵwāhad shādat
খোদার শোকর, হেমন্তের লুটতরাজ হয়নি		شکر ایزد که ز تاراجِ خزان رخنه نیافت	shokr-e īzad ke ze tārāj-e ḵẖazān roḵẖneh nayāft
জুঁই সাইপ্রেস গোলাপের বাগানে চাঁপার ধাতে।		بوستانِ سمن و سرو و گل و شمشادت	bustān-e saman o sarv o gol o shamshādat
বদনজর দূরে থাক, কারণ সেই বিচ্ছেদ থেকে		چشمِ بد دور کز آن تفرقه‌ات بازآورد	chashm-e bad dūr, ke az ān tafreqat bāzāvard
তুমি ফিরেছ বিখ্যাত জন্মগত ভাগ্যের দৌলতে।		طالعِ ناموَر و دولتِ مادرزادت	ṭāleʿ-e nāmavar o dowlat-e mādarzādat
হাফিজ, হারায়ো না নূহের নৌকার এই দৌলত,		حافظ از دست مده دولت این کشتی نوح	Ḥāfeẓ, az dast madeh dowlat-e īn keshtī-ye Nūḥ
নয় কালের তুফান নামবে তোমার বুনিয়াদে।		ور نه طوفانِ حوادث بِبَرَد بُنیادت	varna ṭūfān-e ḥavādes bebarad bonyādat
			
হে ভোরের বাতাস, বন্ধুর আরামঘর কোথায়?	19	ای نسیمِ سحر آرامگَهِ یار کجاست؟	ey nasīm-e saḥar ārāmgah-e yār kojāst?
প্রেমিকনাশী চতুর সে চাঁদের বিহার কোথায়?		منزلِ آن مَهِ عاشق‌کُشِ عَیّار کجاست؟	manzel-e ān mah-e ʿāsheq-kosh-e ʿayyār kojāst?
রাত অন্ধকার, পুণ্য উপত্যকার পথ সামনে;		شبِ تار است و رَهِ وادیِ اَیمَن در پیش	shab-e tārest o rah-e vādi-ye ayman dar pīsh
তূর পাহাড়ে আতশ কই? সেই দিদার কোথায়?		آتشِ طور کجا موعدِ دیدار کجاست؟	ātaš-e ṭūr kojā? movʿed-e dīdar kojāst?
যারাই জাহানে আসে বয়ে আনে খারাপের নক্সা,		هر که آمد به جهان نقشِ خرابی دارد	har ke āmad be jahān naqsh-e ḵẖarābī dārad
তবে বলো, খারাবাতে একটা হুঁশিয়ার কোথায়?		در خرابات بگویید که هُشیار کجاست؟	dar ḵẖarābāt begūyīd ke hoshyār kojāst?
সুখবর পাওয়ার যোগ্য সে-ই যে ইশারা বুঝে,		آن‌کس است اهلِ بشارت که اشارت داند	ān kas ast ahl-e bešārat ke eshārat dānad
সূক্ষ্মতা বহু আছে, রহস্যের সহচর কোথায়?		نکته‌ها هست بسی مَحرمِ اسرار کجاست؟	noktehā hast basī, maḥram-e asrār kojāst?
আমার প্রতি চুলের চূড়ে তোমার হাজার চুক্তি,		هر سرِ مویِ مرا با تو هزاران کار است	har sar-e mū-ye marā bā to hazārān kār ast
আমরা কোথায় আর যে খোঁজে বিকার, কোথায়?		ما کجاییم و مَلامت‌گرِ بی‌کار کجاست؟	mā kojāyīm o malāmatgar-e bīkār kojāst?
আবার জানতে চাও তার ঢেউ-ঢেউ চুলের কথা,		باز پرسید ز گیسویِ شِکَن در شِکَنَش	bāz porsīd ze gīsū-ye shekan dar shekanash
দুঃখে ভরা পথহারা দিলের কারাগার কোথায়?		کاین دلِ غم‌زده سرگشته گرفتار کجاست؟	ke in del-e ḡamzadeh sargashteh gereftār kojāst?
আকল হলো পাগল, কস্তুরীর শিকল কোথায়?		عقل دیوانه شد آن سلسلهٔ مُشکین کو؟	ʿaql dīvāneh shod ān selseleh-ye moshkīn kū?
আমাদের দিল গেছে, তোমার ভ্রু, দিলদার, কোথায়?		دل ز ما گوشه گرفت ابرویِ دلدار کجاست؟	del ze mā gūshe gereft, abru-ye deldār kojāst?
সাকী শিল্পী আর মদ সব প্রস্তুত আছে, কিন্তু		ساقی و مُطرب و مِی جمله مُهَیّاست ولی	sāqī o moṭreb o mey jamleh mohayyāst valī
প্রেম ছাড়া আনন্দ পুরা হয় না, ইয়ার কোথায়?		عیش بی‌یار مُهیّا نشود یار کجاست؟	ʿeysh bī yār mohayyā nashavad, yār kojāst?
হাফিজ, সময়ের বাগানে হোক না শরতের ঝড়,		حافظ از بادِ خزان در چمنِ دَهر مَرَنج	Ḥāfeẓ az bād-e ḵẖazān dar chaman-e dahr maranj
দুঃখ করো না, কাঁটা ছাড়া গোলাপঝাড় কোথায়?		فکرِ معقول بفرما گُلِ بی‌خار کجاست؟	fekr-e maʿqūl befarma, gol-e bī ḵẖār kojāst?
			
রোজা শেষ, ঈদ এলো, জেগে উঠেছে সবার দিল,	20	روزه یک سو شد و عید آمد و دل‌ها برخاست	rūzeh yek sū shod o ʿīd āmad o delhā barkhāst
মদের স্রোত বয় বারে, এখনি খোঁজো তার মিল।		می ز خُم‌خانه به‌جوش آمد و می‌باید خواست	mey ze ḵẖomḵẖāneh be jūsh āmad o mey bāyad ḵẖvāst
সংযম-ব্যবসায়ী গোঁয়ার জাহেদের দিন শেষ,		نوبهٔ زهدفروشانِ گران‌جان بگذشت	nowbeh-ye zoḥd-forūshān-e gerān-jān bogẕasht
এখন রিন্দের দিন, প্রেম সুখ মুক্তি অনাবিল।		وقتِ رندی و طرب کردنِ رندان پیداست	vaqt-e rendī o ṭarab kardan-e rendān peydāst
এমন মদ যে খায় তাকে দোষারোপ করো কেন		چه ملامت بُوَد آن را که چنین باده خورَد؟	che malāmat bovad ān rā ke chenīn bāde ḵẖorad?
এমন মূর্খের মতো? কি দোষ তার, কি মুশকিল?		این چه عیب است بدین بی‌خردی؟ وین چه خطاست؟	īn che ʿeyb ast bedīn bī-ḵẖeradī? vīn che ḵẖaṭāst?
যে মদপানের মধ্যে মুখোশ আর ভণ্ডামি নাই		باده‌نوشی که در او روی و ریایی نَبُوَد	bāde-nūshī ke dar ū rūy o reyāyī nabovad
সে তুলনায় বৈরাগ্য বেচা লোভীর মুখ কুটিল।		بهتر از زهدفروشی که در او روی و ریاست	behtar az zoḥd-forūshī ke dar ū rūy o riyāst
আমরা ভণ্ড রিন্দ না, মুনাফিকের মতো সঙ্গী না,		ما نه رندانِ ریاییم و حریفانِ نفاق	mā na rendān-e reyāyīm o ḥarīfān-e nofāq
আমাদের এ হালের সাক্ষী যে রহস্যের কামিল।		آن‌که او عالِم سِرّ است، بدین حال گواست	ān ke ū ʿālem-e serr ast, bedīn ḥāl gavāst
খোদার ফরজ করি পালন, না করি কারো খারাপ,		فرضِ ایزد بگزاریم و به کس بد نکنیم	farẓ-e īzad begozārīm o be kas bad nakonīm
লোকে যা বৈধ বলে না করি তাই বৈধের শামিল।		وان چه گویند روا نیست، نگوییم رواست	vān che gūyand ravā nīst, nagūyīm ravāst
কি হয় যদি কয়েক গ্লাস মদ খাই আমি তুমি?		چه شود گر من و تو چند قدح باده خوریم؟	che shavad gar man o to chand qadaḥ bāde ḵẖorīm?
তোমার খুনে তো না, আঙুরের খুনে মদ রঙ্গিল।		باده از خونِ رزان است، نه از خون شماست	bāde az ḵẖūn-e razān ast, na az ḵẖūn-e shomāst
			
হারিয়েছি দিল দ্বীন, দিলবার উঠে দিল দুর্নাম;	21	دل و دینم شد و دلبر به ملامت برخاست	del o dīnam shod o delbar be malāmat barkhāst
বলল, থেকো না সাথে, উঠে গেছে তোমার সালাম।		گفت با ما منشین، کز تو سلامت برخاست	goft bā mā maneshīn, kaz to salāmat barkhāst
এ আসরে কিছুক্ষণ খুশিতে বসে সোহবত শেষে		که شنیدی که در این بزم، دمی خوش بنشست؟	ke shenīdī ke dar īn bazm, damī ḵẖosh beneshast?
আক্ষেপে উঠে যায়নি, শুনেছ এমন কারো নাম?		که نه در آخرِ صحبت به ندامت برخاست	ke na dar āḵẖer-e ṣoḥbat be nadāmat barkhāst?
মোম যদি হাসিমাখা তোমার ঠোঁট হয়ে গর্ব করে,		شمع اگر زان لبِ خندان به زبان، لافی زد	shamʿ agar z-ān lab-e ḵẖandān be zabān, lāfī zad
আশিকদের সামনে সারারাত জ্বলে দিবে তার দাম।		پیشِ عشاقِ تو شب‌ها به غَرامت برخاست	pīsh-e ʿoshshāq-e to shabhā be gharāmat barkhāst
বাগানে বসন্ত হাওয়া সাইপ্রেস গোলাপের পাশে		در چمن، بادِ بهاری ز کنار گل و سرو	dar chaman, bād-e bahārī ze kenār-e gol o sarv
ওঠে তোমার মুখ ও দিঘল দেহে করতে প্রণাম।		به هواداریِ آن عارض و قامت برخاست	be havādārī-ye ān ʿārez o qāmat barkhāst
ড্রাংক তুমি হেঁটে গেলে নির্জন মালাকদের মাঝে,		مست بگذشتی و از خلوتیانِ ملکوت	mast bogẕashtī o az ḵẖalvatīān-e malakūt
দেখে তোলপাড় হলো কেয়ামতের মতো উদ্দাম।		به تماشایِ تو آشوبِ قیامت برخاست	be tamāshā-ye to ās̱hūb-e qīāmat barkhāst
তোমার চলার পথে লজ্জায় পা উঠাতে পারেনি		پیشِ رفتار تو پا برنگرفت از خِجلت	pīsh-e raftār-e to pā bar nagereft az ḵẖijlat
গর্বিত সাইপ্রেস, শরীর যার দিঘল সুঠাম।		سروِ سرکش که به ناز از قد و قامت برخاست	sarv-e sarkash ke be nāz az qadd o qāmat barkhāst
হাফিজ, জান বাঁচাতে চাইলে খিরকা ফেলে দাও,		حافظ این خرقه بینداز مگر جان ببری	Ḥāfeẓ īn kherqeh biyandāz magar jān bebari
কেরামতি ভণ্ডামির খিরকায় আগুন অবিরাম।		کآتش از خرقهٔ سالوس و کرامت برخاست	ke ātash az kherqeh-ye sālūs o kerāmat barkhāst
			
যখন দিলদারের কথা শুনবে, বলো না ভুল,	22	چو بشنوی سخنِ اهلِ دل، مگو که خطاست	cho beshnavī sokhan-e ahl-e del, magū ke ḵhaṭāst
তুমি যে কথা বোঝো না, জান, তাই ভুলের মুকুল।		سخن‌شناس نه‌ای، جان من! خطا این جاست	sokhan-shenās na'ī, jān-e man! ḵhaṭā īn jāst
শির আমার আখিরাত দুনিয়া কারো কাছে নত না,		سرم به دنیی و عقبی فرو نمی‌آید	saram be donyā o ʿoqbā farū nemī-āyad
আল্লা মহান যে আমার মাথা এত ফিতনায় ফুল।		تبارک الله ازین فتنه‌ها که در سرِ ماست	tabārak-Allāh az īn fetneh-hā ke dar sar-e māst
ক্লান্তদিল আমার অন্দরে জানি না কে আছে,		در اندرونِ منِ خسته‌دل ندانم کیست!	dar andarūn-e man-e ḵẖaste-del nadānam kīst!
আমি খামোশ, সে ফোঁপানি ও গোঙানিতে মশগুল।		که من خموشم و او در فغان و در غوغاست	ke man ḵẖamosham o ū dar feghān o dar ghowghāst
পর্দা থেকে বেরোল আমার দিল, তুমি কই, শিল্পী?		دلم ز پرده برون شد، کجایی ای مطرب؟	delam ze pardeh berūn shod, kojā'ī ey moṭreb?
বাজাও! এ পর্দায় আমাদের হাল সুরের মাতুল।		بنال، هان که از این پرده، کارِ ما به نواست	benāl, hān ke az īn pardeh, kār-e mā be navāst
দুনিয়ার কারবার আমাকে কখনোই টানেনি,		مرا به کارِ جهان هرگز التفات نبود	marā be kār-e jahān hargez eltefāt nabūd
শুধু আমার চোখে তোমার মুখের শোভা অতুল।		رخِ تو در نظرِ من چنین خوشش آراست	roḵẖ-e to dar naẓar-e man chenīn ḵẖoshash ārāst
ঘুমাইনি এক খেয়ালে যা পুড়িয়ে মারছে দিল,		نخفته‌ام ز خیالی که می‌پزد دلِ من	naḵẖofte'am ze ḵẖeyālī ke mī-pazad del-e man
শত রাতের তৃষ্ণা আমার, কই শরাবের কুল?		خمارِ صد شبه دارم شراب‌خانه کجاست؟	ḵẖomār-e sad shabé dāram, sharāb-ḵẖāneh kojāst?
আমার দিলের খুনে যেহেতু মন্দির কলুষিত,		چنین که صومعه آلوده شد ز خونِ دلم	chenīn ke ṣowmeʿeh ālūdeh shod ze ḵẖūn-e delam
মদ দিয়ে আমাকে ধোয়ার হক তোমার কবুল।		گَرَم به باده بشویید، حق به دستِ شماست	garam be bādeh beshūyīd, ḥaqq be dast-e shomāst
এজন্যই মাজির মন্দিরে আমার সম্মান এত,		از آن به دیرِ مغانم عزیز می‌دارند	az ān be deyre-e moġhān-am ʿazīz mīdārand
অনির্বাণ শিখা আমাদের দিলে চির নিরাকুল।		که آتشی که نمیرد، همیشه در دلِ ماست	ke ātashī ke namīrad, hamīshe dar del-e māst
সেই শিল্পী কি সুর বাজাচ্ছিল পর্দায় যে		چه ساز بود که در پرده می‌زد آن مطرب	che sāz būd ke dar pardeh mī-zad ān moṭreb
জীবন গেলেও মন এখনো কামনাসংকুল?		که رفت عمر و هنوزم دماغ پُر ز هواست	ke raft ʿomr o hanūzam damāgh por ze havāst?
গত রাতে তোমার প্রেমের ডাক বাজল অন্তরে,		ندای عشق تو دیشب در اندرون دادند	nadā-ye ʿeshq-e to dīshab dar andarūn dādand
হাফিজের পিঞ্জর এখনো সেই শব্দে সমাকুল।		فضایِ سینهٔ حافظ هنوز پر ز صداست	fażā-ye sīneh-ye Ḥāfeẓ hanūz por ze ṣedāst
			
তোমার রূপের খেয়াল আমাদের প্রতি পথের বাহন	23	خیالِ رویِ تو در هر طریق همرهِ ماست	ḵẖeyāl-e rūy-e to dar har ṭarīq hamrah-e māst
ও তোমার চুলের হাওয়া জাগ্রত আত্মার বাঁধন।		نسیمِ مویِ تو، پیوندِ جانِ آگهِ ماست	nasīm-e mūy-e to, peyvand-e jān-e āgahe māst
যারা প্রেম নিষেধ করে তাদের বিরোধিতা সত্ত্বেও		به رَغمِ مدّعیانی که منعِ عشق کنند	be ragham-e moddāʿiyānī ke manʿ-e ʿeshq konand
তোমার চেহারার শোভাই আমাদের অকাট্য কারণ।		جمالِ چهرهٔ تو، حجّتِ موجّهِ ماست	jamāl-e chehre-ye to, ḥojjat-e moʿajjeh-e māst
দেখো তোমার চিবুকের আপেল কি বলছে:		ببین که سیبِ زنخدانِ تو چه می‌گوید	bebīn ke sīb-e zanaḵẖdān-e to che mīgūyad
আমাদের কুয়ায় মিশরের হাজার ইউসুফের পতন।		هزار یوسفِ مصری، فتاده در چَهِ ماست	hazār Yūsof-e Meṣrī, fetādeh dar čahe māst
যদি তোমার লম্বা চুলে আমাদের হাত না পৌঁছায়,		اگر به زلفِ درازِ تو، دستِ ما نرسد	agar be zolf-e derāz-e to, dast-e mā naresad
দোষী ছোট হাত, আমাদের গুনা ও নিয়তি পেরেশান।		گناهِ بختِ پریشان و دستِ کوتهِ ماست	gonāh-e bakht-e parīshān o dast-e kōtahe māst
নির্জন প্রাসাদের খাসকামরার দারোয়ানকে বলো,		به حاجبِ درِ خلوت‌سرایِ خاص بگو	be ḥājeb-e dar-e ḵẖalvat-sarā-ye ḵẖāṣ begū
অমুকে তোমার দরগার ধুলায় একা করে সাধন।		فُلان ز گوشه‌نشینانِ خاکِ درگهِ ماست	folān ze gūshe-neshīnān-e ḵẖāk-e dargah-e māst
যদিও আমাদের নজর থেকে তোমার সুরত আড়ালে,		به صورت از نظر ما اگر چه محجوب است	be ṣūrat az naẓar-e mā agarche maḥjūb ast
আমাদের শান্ত মনের নজরে সে থাকবে চিরন্তন।		همیشه در نظرِ خاطرِ مرفّهِ ماست	hamīshe dar naẓar-e ḵẖāṭer-e moraffahe māst
যদি বছরে এক বার হাফিজ কড়া নাড়ে, খুলে দাও,		اگر به سالی حافظ دری زَنَد، بگشای	agar be sālī Ḥāfeẓ darī zanad, begoshāy
কারণ বহু বছর সে খুঁজছে মুখ চাঁদের মতন।		که سال‌هاست که مشتاقِ رویِ چون مهِ ماست	ke sālhāst ke moshtāq-e rūy-e chon mah-e māst
			
বন্দেগি শপথ সাধুতা দেখাতে বলো না আমাকে,	24	مطلب طاعت و پیمان و صلاح از من مست	maṭlab-e ṭāʿat o peymān o ṣalāḥ az man-e mast
ওয়াইন পানে বিখ্যাত আমি আলাস্তুর দিন থেকে।		که به پیمانه‌کشی شهره شدم روز الست	ke be peymāneh-keshī shohreh shodam rūz-e alast
প্রেমের ঝর্নায় ওজু যখন করি সে মুহূর্তেই		من همان دم که وضو ساختم از چشمهٔ عشق	man hamān dam ke wożū sāḵẖtam az cheshmeh-ye ʿeshq
চার তাকবির বলেছি যা আছে সবকিছুর আগে।		چار تکبیر زدم یکسره بر هر چه که هست	chār takbīr zadam yaksare bar har che ke hast
ওয়াইন দিলে নিয়তির গোপন কথা খুলে বলব,		می بده تا دهمت آگهی از سر قضا	mey bede tā dahamat āgahi az sar-e qażā
কার রূপে প্রেমিক আমি, মাতাল কার গন্ধ শুঁকে।		که به روی که شدم عاشق و از بوی که مست	ke be rūy-e ke shodam ʿāshiq o az būy-e ke mast
পাহাড়ের কোমর পিঁপড়ার কোমরের চেয়ে দুর্বল,		کمر کوه کم است از کمر مور این جا	kamar-e kūh kam ast az kamar-e mūr īn jā
ওয়াইনখোর, নিরাশ হয়ো না রহমতের রোয়াকে।		ناامید از در رحمت مشو ای باده‌پرست	nā-omīd az dar-e raḥmat mashow ey bāde-parast
চোখ দিয়ে পাহারা দেয়া সে মাস্তান নার্গিস ছাড়া		به جز آن نرگس مستانه که چشمش مرساد	be joz ān nargis-e mastāneh ke cheshmash marṣād
কেউ ফিরোজা এ গম্বুজের নিচে বসে নাই সুখে।		زیر این طارم فیروزه کسی خوش ننشست	zīr-e īn ṭāram-e fīrūze kasī ḵẖosh nenas̱hast
জান যাক তার ঠোঁটের জন্য, নজরের বাগানে		جان فدای دهنش باد که در باغ نظر	jān fadā-ye dahanash bād ke dar bāgh-e naẓar
বিশ্বের কোনো মালীর কুঁড়ি সুন্দর না তার থেকে।		چمن آرای جهان، خوشتر از این غنچه نبست	chaman-ārā-ye jahān, ḵẖoshtar az īn ghonche nabast
হাফিজ, প্রেমের দৌলতে হয়ে গেছ সোলায়মান,		حافظ از دولت عشق تو سلیمانی شد	Ḥāfeẓ az dowlat-e ʿeshq-e to Soleymānī shod
মানে তোমার মিলনে তার হাতে শুধু হাওয়া থাকে।		یعنی از وصل تواش نیست به جز باد به دست	yaʿnī az vaṣl-e tow-ash nīst be joz bād be dast
			
ফুটেছে লাল গোলাপ, হয়েছে বুলবুল মাস্তান,	25	شکفته شد گل حَمرا و گشت بلبل مست	shekofte shod gol-e ḥamrā va gasht bolbol mast
ওয়াইনখোর সুফিরা, শোনো আনন্দের আহ্বান।		صَلایِ سرخوشی، ای صوفیانِ باده پرست	ṣalā-ye sarkhoshī, ey ṣūfiyān-e bāde-parast
যে তওবার ভিত্তি ছিল পাথরের মতো কঠিন		اساسِ توبه که در محکمی چو سنگ نُمود	asās-e tawbeh ke dar moḥkamī cho sang namūd
দেখো এক কাঁচের গ্লাসে তা কেমন ভেঙে খানখান।		ببین که جامِ زُجاجی چه طُرفه‌اش بشکست	bebīn ke jāme zojājī che ṭorfe-ash beshekast
তাহলে ওয়াইন আনো, কারণ তৃপ্তির দরবারে		بیار باده که در بارگاهِ استغنا	biyār bāde ke dar bārgāh-e esteqnā
কি সোবার কি মাতাল, কি রাজা আর কি দারোয়ান।		چه پاسبان و چه سلطان، چه هوشیار و چه مست	che pāsebān o che soltān, che hoshyār o che mast
দুই দুয়ারী বার থেকে যেহেতু বের হতেই হবে,		از این رِباط دو در، چون ضرورت است رَحیل	az īn rebāṭ-e do dar, chon ẓarūrat ast raḥīl
কি যায় আসে উঁচু বা নিচু হোক রুজির খিলান।		رِواق و طاقِ معیشت، چه سربلند و چه پست	ravāq o ṭāq-e maʿīshat, che sarboland o che past
আনন্দের মোকাম সহজে মেলে না কষ্ট ছাড়া,		مقام عیش میسر نمی‌شود بی‌رنج	maqām-e ʿeysh mayassar namī-shavad bī ranj
হ্যাঁ, আলাস্তুর সন্ধি বেঁধেছিল দুর্দশার বিধান।		بلی به حکمِ بلا بسته‌اند عهدِ الست	balī be ḥokm-e balā bastah-and ʿahd al-alast
অস্তিনাস্তি নিয়ে কষ্ট দিও না আত্মাকে, সুখে থাকো,		به هست و نیست مَرنجان ضمیر و خوش می‌باش	be hast o nīst maranjān ẓamīr o khosh mībāsh
অস্তিত্বশীল সব পূর্ণতার নাস্তিতে অবসান।		که نیستی‌ست سرانجامِ هر کمال که هست	ke nīstī-st sar-anjām-e har kamāl ke hast
আসিফের গৌরব, হাওয়ার ঘোড়া, পাখির ভাষণ		شکوهِ آصِفی و اسبِ باد و منطقِ طیر	shekowh-e Āṣafī o asb-e bād o manṭeq-e ṭayr
বাতাসে ভেসে গেল, হলো না তাতে খাজার কল্যাণ।		به باد رفت و از او خواجه هیچ طَرف نبست	be bād raft o az ū ḵẖvāje hīch ṭaraf nabast
পাখা ও ডানায় ভর করে যেও না পথে, কারণ		به بال و پَر مرو از ره که تیرِ پرتابی	be bāl o par marow az rah ke tīr-e partābī
আকাশে ছোঁড়া তিরও একটু পরে ধুলায় ম্লান।		هوا گرفت زمانی، ولی به خاک نشست	havā gereft zamānī, valī be ḵẖāk neshast
কলমের জবান, হাফিজ, কি শুকরিয়া জানাবে		زبانِ کِلکِ تو حافظ چه شُکرِ آن گوید	zabān-e kelk-e to Ḥāfeẓ che shokr ān gūyad
যদি হাত থেকে হাতে ঘুরে তোমার কথার দান।		که گفتهٔ سخنت می‌برند دست به دست	ke gofte-ye sokhanat mī-barand dast be dast
			
এলোমেলো চুল, মদরাঙা মুখে হাসি, টাল হাঁটে,	26	زلف‌آشفته و خِوی‌کرده و خندان‌لب و مست	zolf-āshofte o khvī-karde o khandān-lab o mast
ছেঁড়া পিরান, গজল গায় মদের সোরাই হাতে।		پیرهن‌چاک و غزل‌خوان و صُراحی در دست	pīrhan-chāk o ghazal-khān o ṣorāḥī dar dast
তার ঝগড়াটে নার্গিস-চোখ, ঠোঁট ভরা আফসোস,		نرگسش عَربده‌جوی و لبش افسوس‌کنان	nargesash arabade-jūy o labash afsūs-konān
আমার বেডে এসে বসল গতকাল মাঝরাতে।		نیم شب، دوش به بالین من آمد، بنشست	nīm-shab, dūsh be bālin-e man āmad, beneshast
আমার কানের কাছে তার মাথা এনে দুখি সুরে		سر فرا گوش من آورد به آوازِ حزین	sar farāgūsh-e man āvard be āvāz-e ḥozīn
বলে, আমার পুরাতন প্রেমিক, পারছ ঘুমাতে?		گفت: ای عاشقِ دیرینهٔ من، خوابت هست؟	goft: ey ‘āsheq-e dīrīne-ye man, khvābat hast?
যে আশিককে দেয়া হয় এমন রাতভাঙা মদ সে		عاشقی را که چنین بادهٔ شبگیر دهند	‘āsheqī rā ke chenīn bāde-ye shabgīr dahand
প্রেমের কাফির যদি না মজে মদের ইবাদতে।		کافر عشق بُوَد گر نشود باده پرست	kāfer-e ‘eshq bovad gar nashavad bāde-parast
যাও, হে জাহেদ, তলানিখোরদের দোষ দিও না,		برو ای زاهد و بر دُردکشان خرده مگیر	boro ey zāhed o bar dordkeshān khorde magīr
আলাস্তুর দিন আর কোনো তোহফা দেয়নি পাতে।		که ندادند جز این تُحفه به ما روزِ الست	ke nadādand joz īn toḥfe be mā rooz-e alast
আমাদের গ্লাসে যা সে ঢেলেছে তাই পান করেছি,		آن چه او ریخت به پیمانهٔ ما نوشیدیم	ān-che ū rīkht be peymāne-ye mā nūshīdīm
তা হোক নেশার মদ বা যে ওয়াইন বয় বেহেশ্তে।		اگر از خَمرِ بهشت است وگر بادهٔ مست	agar az khamr-e behesht ast o gar bāde-ye mast
ওয়াইন গ্লাসের হাসি ও নেগারের জটিল চুল,		خندهٔ جامِ می و زلفِ گره‌گیرِ نگار	khande-ye jāme mey o zolf-e gerehgīr-e negār
হাফিজের তওবার মতো কত তওবা ভাঙে তাতে।		ای بسا توبه که چون توبه حافظ بشکست	ey basā towbe ke chon towbe-ye Ḥāfeẓ beshekast
			
মাজির মন্দিরে প্রিয়া আমার গ্লাস হাতে এল কাল,	27	در دیرِ مغان آمد، یارم قدحی در دست	dar deyr-e moghān āmad, yāram qadaḥī dar dast
মাতাল মদে, মদ্যপেরা তার নার্গিস-চোখে মাতাল।		مست از می و میخواران از نرگسِ مستش مست	mast az mey o meykhwārān az nargis-e mastash mast
তার সামান্দের নালে দেখেছি নতুন চাঁদের রূপ,		در نعلِ سمندِ او شکلِ مهِ نو پیدا	dar na‘l-e samand-e ū shekl-e mah-e now peydā
তার দিঘল দেহের পাশে সাইপ্রেসও বেহাল।		وز قدِ بلندِ او بالایِ صنوبر، پست	vaz qadd-e boland-e ū bālā-ye sanowbar, past
কিভাবে বলি নিজের খবর রাখি, যদি না রাখি,		آخر به چه گویم هست از خود خبرم، چون نیست	ākhar be che guyam hast az khod khabaram, chun nist
বা বলি তাকে নজর দেইনি, যদি দেই উত্তাল?		وز بَهرِ چه گویم نیست با وی نظرم، چون هست	vaz bahr-e che guyam nist bā vey nazaram, chun hast
আমার দিল-সাথির মোম বসে যায় সে উঠলে,		شمعِ دلِ دمسازم، بنشست چو او برخاست	sham‘-e del-e damsāzam, beneshast cho ū barkhāst
আর সে বসলে কেঁদে উঠে নজরবাজের পাল।		و افغان ز نظربازان، برخاست چو او بنشست	o afghān ze nazarbāzān, barkhāst cho ū beneshast
তার চুলে জড়ানো বলেই সিভিটে খুশবু থাকে,		گر غالیه خوش بو شد، در گیسویِ او پیچید	gar ghāliye khoshbū shod, dar gīsū-ye ū pichid
হেনা তিরন্দাজ হয় যখন পায় তার কপাল।		ور وَسمه کمانکَش گشت، در ابروی او پیوست	var vasmeh kamānkash gasht, dar abru-ye ū peyvast
যদিও ধনুক থেকে ছুটলে তির আর ফেরে না,		بازآی که بازآید عمرِ شدهٔ حافظ	bāz āy ke bāz āyad ‘omr-e shode-ye Hāfez
ফিরে আসো যাতে ফিরে আসে হাফিজের গত কাল।		هرچند که ناید باز، تیری که بِشُد از شست	har chand ke nayad bāz, tīrī ke beshod az shast
			
খাজার জান, শাশ্বত হক, আর শুদ্ধ সন্ধির কসম,	28	به جانِ خواجه و حقِ قدیم و عهدِ درست	be jān-e khwāja o ḥaqq-e qadīm o ‘ahd-e dorost
তোমার দৌলতের জন্য দোয়াই আমার ভোরের দম।		که مونسِ دمِ صبحم، دعایِ دولتِ توست	ke mones-e dam-e ṣobḥam, do‘ā-ye dowlat-e tost
নূহের তুফানের সাথে পাল্লা দেয়া অশ্রু আমার		سِرِشک من که ز طوفان نوح دست بَرَد	sereshk-e man ke ze ṭūfān-e Nūḥ dast barad
বুকের ফলকে প্রেমের নক্সা করতে পারেনি খতম।		ز لوح سینه نیارَست نقشِ مهرِ تو شُست	ze lowḥ-e sīneh nayārast naqsh-e mehr-e to shost
একটা ব্যবসা খুলো আর কিনে নাও এই ভাঙা দিল,		بکن معامله‌ای، وین دل شکسته بخر	bokon mo‘āmele’ī, vīn del-e shekaste bekhar
অক্ষত হাজারটার চেয়ে বেশি ভাঙা এ দিলের দাম।		که با شکستگی ارزد به صد هزار درست	ke bā shekastagī arzad be sad hazār dorost
আসিফের প্রতি পিঁপড়ার কথা কঠিন হওয়াই ঠিক:		زبان مور به آصف دراز گشت و رواست	zabān-e mūr be Āṣef derāz gasht o ravāst
জামশিদের আংটি খাজা খোয়ায়, খোঁজেও না একদম।		که خواجه خاتَمِ جم، یاوه کرد و باز نَجُست	ke khwāja khātam-e Jam, yāveh kard o bāz najost
ও দিল, দোস্তের সীমাহীন দয়ার আশা ছেড়ো না,		دلا طَمَع مَبُر از لطفِ بی‌نهایتِ دوست	delā, ṭama‘ mabor az loṭf-e bī-nehāyat-e dūst
প্রেমের গর্ব করলে দ্রুত মাথা পেতে দেখাও বিক্রম।		چو لافِ عشق زدی، سر بباز، چابک و چُست	cho lāf-e ‘eshq zadī, sar bebāz, chābok o chost
সত্যের সাথে চলো, তোমার নিশ্বাসে উঠুক সূর্য;		به صدق کوش، که خورشید زایَد از نَفَسَت	be ṣedq kūsh, ke khorshīd zāyad az nafasat
মিথ্যার কারণে মুখ কালো করেছিল প্রভাত প্রথম।		که از دروغ سیه‌روی گشت صبحِ نخست	ke az dorūgh siyah-rūy gasht ṣobḥ-e nakhost
তোমার হাতে হলাম পাহাড় ও মরুর জন্য পাগল,		شدم ز دست تو شیدای کوه و دشت و هنوز	shodam ze dast-e to sheydā-ye kūh o dasht o hanūz
তবু আলগা করলে না দয়ায় সিলসিলার লাগাম।		نمی‌کنی به ترحم، نِطاق سلسله سست	nemīkonī be taraḥḥom, neṭāq-e selseleh sost
হাফিজ, রাগ করো না, চেয়ো না দিলবারের হেফাজত,		مرنج حافظ و از دلبر‌ان حِفاظ مجوی	maranj Ḥāfez o az delbarān ḥefāẓ majūy
বাগানের কি গুনা যদি না পারে গাছ হতে এ কলম।		گناه باغ چه باشد چو این گیاه نَرُست	gonāh-e bāgh che bāshad cho īn giyāh narost
			
থাকলে তোমার খেয়ালে কেন পরোয়া করব শরাব?	29	ما را زِ خیالِ تو چه پروایِ شراب است؟	mā rā ze khyāl-e to che parvā-ye sharāb ast?
বোতলকে বলো মাথা কুটতে, বার হয়ে গেছে খারাপ।		خُم گو سر خود گیر، که خُمخانه خراب است	khom go sar-e khod gīr, ke khomkhāneh kharāb ast
ওয়াইন বেহেশ্তের হলেও ফেলে দাও, কারণ বন্ধু ছাড়া		گر خَمر بهشت است بریزید که بی دوست	gar khamr-e behešt ast, berīzīd ke bī dūst
যত মিষ্টি শরবতই দাও আমার কাছে সব আজাব।		هر شَربَتِ عَذبَم که دهی، عینِ عذاب است	har sharbat-e ʿazbam ke dehī, ʿayn-e ʿazāb ast
আফসোস, দিলবার চলে গেছে, আমার সজল চোখে		افسوس که شُد دلبر و در دیدهٔ گریان	afsūs ke shod delbar o dar dīde-ye geryān
তার চুলের আঁকা ছবির ক্যানভাসও কেবল আব।		تحریرِ خیالِ خطِ او نقشِ بر آب است	taḥrīr-e khyāl-e khaṭṭ-e ū naqsh-e bar āb ast
জেগে ওঠো, ওরে চোখ, কারণ কেউ নিরাপদ না		بیدار شو ای دیده که ایمن نتوان بود	bīdār sho ey dīde ke īman natavān būd
নিরন্তর বন্যা থেকে খোয়াবের মঞ্জিলে যার প্রতাপ।		زین سیلِ دمادم که در این منزلِ خواب است	ze īn seyl-e damādam ke dar īn manzel-e khwāb ast
মাশুক যায় তোমার পাশ দিয়ে সবার সামনে, কিন্তু		معشوق عیان می‌گذرد بر تو، ولیکن	maʿshūq ʿayān mīgoẕarad bar to, valīkan
অচেনারাও তাকায় বলে সে টেনে রাখে নেকাব।		اغیار همی‌بیند از آن بسته نقاب است	aghyār hamī-bīnad az ān baste neqāb ast
তোমার রঙিন গালে যখন গুল স্নিগ্ধ আরক দেখে,		گل بر رخِ رنگین تو تا لطفِ عرق دید	gol bar rokh-e rangīn-e to tā loṭf-e ʿaraq dīd
প্রেমের আতশে ও দিলের দুঃখে গলে হয় গুলাব।		در آتشِ شوق از غمِ دل، غرقِ گلاب است	dar ātash-e shoq az gham-e del, g̱haraq-e golāb ast
সবুজ আছে অরণ্য আর প্রান্তর, চলো হাত না ছাড়ি		سبز است در و دشت بیا تا نگذاریم	sabz ast dar o dasht, biyā tā nagẕārīm
পানির উৎস থেকে, সারা জাহান তো মরীচিকার ছাপ।		دست از سرِ آبی که جهان جمله سراب است	dast az sar-e ābī ke jahān jamleh sarāb ast
আমার মনের কোণে কোনো জায়গা নাই নসিহতের,		در کُنجِ دِماغم مطلب جای نصیحت	dar konj-e damāgham maṭlab jā-ye naṣīḥat
কারণ এই কোণা গুঞ্জনে ভরেছে চান্‌গ আর রবাব।		کـ‌این گوشه پر از زمزمهٔ چنگ و رَباب است	ke īn gūshe por az zamzeme-ye chang o rabāb ast
কি যায় আসে হাফিজ হলে আশিক রিন্দ নজরবাজ?		حافظ چه شد ار عاشق و رند است و نظرباز	Ḥāfeẓ che shod ar ʿāsheq o rend ast o nazarbāz
আজব সব আচরণ তো কেবল যৌবনের স্বভাব।		بس طُورِ عجب لازمِ ایامِ شباب است	bas ṭūr-e ʿajab lāzem-e ayyām-e shabāb ast
			
হাজার দিল তোমার চুলের এক সুতায় বাঁধা,	30	زلفت هزار دل به یکی تار مو ببست	zolfat hazār del be yekī tār-e mū bebast
চারদিক থেকে শত উপদেষ্টার আসায় বাধা।		راه هزار چاره‌گر از چارسو ببست	rāh-e hazār chāregar az chār-su bebast
যাতে আশিকরা তার হাওয়ার সুবাসে জান দেয়,		تا عاشقان به بوی نسیمش دهند جان	tā āsheqān be bū-ye nasīmash dehand jān
কস্তুরী খোলার পরে দিল আশার দরজায় বাধা।		بگشود نافه‌ایّ و دَرِ آرزو ببست	bogshūd nāfe-ī o dar-e ārezū bebast
প্রেমে পাগল আমি, নেগার নতুন চাঁদের মতো		شیدا از آن شدم که نگارم چو ماه نو	sheydā az ān shodam ke negāram cho māh-e now
ভুরুর দীপ্তি দেখিয়ে লুকায়: মুখ দেখায় বাধা।		ابرو نُمود و جلوه‌گری کرد و رو ببست	abru nemūd o jelvegari kard o rū bebast
সাকী পেয়ালায় ঢেলে দিল নানা রঙের ওয়াইন,		ساقی به چند رنگ، می اندر پیاله ریخت	sāqī be chand rang, mey andar peyāleh rīkht
দেখো দারুণ নক্সা কদুর মতো পেয়ালায় বাঁধা।		این نقش‌ها نگر که چه خوش در کدو ببست	īn naqsh-hā negar ke che khosh dar kadū bebast
হে রব, সোরাই কি ইঙ্গিত করে যে গ্লাসের রক্ত		یا رب چه غمزه کرد صُراحی که خون خُم	yā rab che ghamze kard ṣorāḥī ke khūn-e khom
কুলকুল কান্নার কারণে তার গলায় বাঁধা।		با نعره‌های قُلقُلش اندر گلو ببست	bā na‘reh-hā-ye qolqolash andar gelū bebast
শিল্পী কি সুর সাধল পর্দায় যে সামা'র পর্দায়		مطرب چه پرده ساخت که در پردهٔ سماع	moṭreb che pardeh sākhṭ ke dar pardeh-ye samāʿ
সাধকেরা হালে পায় হা ও হু'র দরজায় বাধা।		بر اهل وجد و حال، درِ های‌وهو ببست	bar ahl-e vajd o ḥāl, dar-e hāy-o-hū bebast
হাফিজ, প্রেম লালন না করে যে মিলন চায় তার		حافظ! هر آن که عشق نَورزید و وصل خواست	Ḥāfeẓ! har ān ke ʿeshq nava rzīd o vasl khvāst
দিলকাবা তাওয়াফের ইহরাম ওজু ছাড়াই বাঁধা।		احرامِ طوفِ کعبهٔ دل، بی‌وضو ببست	ehrām-e ṭowf-e kaʿbeh-ye del, bī-vożū bebast
			
সেই শবে কদর যা আজ খালওয়া'র লোকে বলে,	31	آن شبِ قدری که گویند اهلِ خلوت امشب است	ān shab-e qadrī ke gūyand ahl-e khalvat emshab ast
হে রব, এ দৌলতের প্রভাব কোন তারার ফলে?		یا رب این تأثیرِ دولت در کدامین کوکب است؟	yā rab īn taʾsīr-e dowlat dar kodāmin kowkab ast?
তোমার চুলে অযোগ্য হাত যাতে না পৌঁছায় তাই		تا به گیسویِ تو دستِ ناسزایان کم رسد	tā be gīsū-ye to dast-e nā-sazāyān kam rased
ইয়া রব ইয়া রব জপে প্রত্যেক দিল বৃত্তের গোলে।		هر دلی از حلقه‌ای در ذکرِ یارب یارب است	har delī az ḥalqeh-ī dar zekr-e yā rab yā rab ast
তোমার চিবুকে আমি মরেছি, প্রত্যেক পাশ থেকে		کشته چاه زنخدان توام کز هر طرف	koshte-ye chāh-e zaneḵdān-e to-am ke az har taraf
হাজার জানের গর্দান তোমার গলার মালার তলে।		صد هزارش گردنِ جان زیرِ طوقِ غَبغَب است	sad hazāresh gardan-e jān zīr-e ṭowq-e ghabghab ast
আমার শাহি ঘোড়সওয়ারের মুখে আয়না ধরে চাঁদ,		شهسوارِ من که مه آیینه دارِ روی اوست	shahsavār-e man ke mah āyīneh-dār-e rūy-e ūst
সূর্যের মহান তাজ কেবল ধুলা তার ঘোড়ার নালে।		تاجِ خورشیدِ بلندش خاکِ نعلِ مَرکَب است	tāj-e khorshīd-e bolandash khāk-e na‘l-e markab ast
দেখো তার গালে ঘামের প্রতিফলন, গরম সূর্য		عکسِ خِوی بر عارضَش بین کآفتابِ گرم رو	aks-e khvī bar ārezash bīn ke āftāb-e garmrū
আরকের কামনায় রোজ জ্বরের কারণে জ্বলে।		در هوایِ آن عَرَق تا هست هر روزش تب است	dar havā-ye ān ‘araq tā hast har rūzash tab ast
ছাড়ব না ইয়ারের লাল ঠোঁট ওয়াইনের গ্লাস,		من نخواهم کرد تَرکِ لعلِ یار و جام می	man nakhvāham kard tark-e la‘l-e yār o jāme mey
মাফ করো, জাহেদ, আমার মাজহাব এই বলে।		زاهدان معذور داریدم که اینَم مذهب است	zāhedān ma‘ẓūr dārīd-am ke īnam mazhab ast
যখন তারা পুবের বাতাসে পরায় জিন তখন		اندر آن ساعت که بر پشتِ صبا بندند زین	andar ān sā‘at ke bar posht-e ṣabā bandand zīn
পিঁপড়ায় চড়ে কেমনে যাব সোলায়মানের দলে।		با سلیمان چون برانم من که مورم مرکب است	bā Soleymān chon borānam man ke mūram markab ast
চোরা চোখে যে আমার দিলে ছুঁড়ে নজরের তির,		آن که ناوَک بر دلِ من زیرِ چشمی می‌زند	ān ke nāvak bar del-e man zīr-e cheshmī mīzanad
হাফিজের জানের জোর তার সূক্ষ্ম হাসির ঢলে।		قوتِ جانِ حافظش در خندهٔ زیر لب است	qowwat-e jān-e Ḥāfezash dar khandé-ye zīr-e lab ast
আবেহায়াত ঝরে বাগ্মিতার ঠোঁট থেকে, আমার		آبِ حیوانش ز منقارِ بلاغت می‌چکد	āb-e ḥayvānash ze menqār-e balāghat mīchakad
কলমের কাক নামে খোদার নামে কি মস্ত জলে।		زاغِ کِلکِ من به نام ایزد چه عالی مشرب است	zāgh-e kelk-e man be nām-e īzad che ‘ālī mashrab ast
			
খোদা যখন তোমার দিলখোলা ভ্রুর সুরত বানায়,	32	خدا چو صورتِ ابرویِ دلگشای تو بست	Ḵhodā cho ṣūrat-e abru-ye del-goshā-ye to bast
আমার কর্মের মুক্তি বেঁধেছিল তোমার কারিশমায়।		گشادِ کارِ من اندر کرشمه‌هایِ تو بست	goshād-e kār-e man andar kereshmehā-ye to bast
সাইপ্রেস ও আমাকে তোমার পদধুলায় ফেলে কাল		مرا و سروِ چمن را به خاکِ راه نشاند	marā o sarv-e chaman rā be khāk-e rāh neshānd
যখন নার্গিসের রেশম দিয়ে তোমার জামা সেলায়।		زمانه تا قَصَبِ نرگسِ قبای تو بست	zamāneh tā qasab-e narges-e qabā-ye to bast
আমার কাজে কুঁড়ির দিলে শত গিঁট খুলে দেয়		ز کارِ ما و دلِ غنچه صد گره بگشود	ze kār-e mā o del-e ghanche sad gereh bogoshūd
ফুলের হাওয়া যখন তার দিল বাঁধে তোমার তৃষায়।		نسیمِ گل چو دل اندر پیِ هوایِ تو بست	nasīm-e gol cho del andar paye havā-ye to bast
কালের চরকা রাজি করায় আমাকে তোমার বন্ধনে,		مرا به بندِ تو دورانِ چرخ راضی کرد	marā be band-e to dowrān-e charkh rāzī kard
কিন্তু কি লাভ যদি সব সুতা চলে তোমার ইচ্ছায়?		ولی چه سود که سررشته در رضای تو بست	valī che sūd ke sar-reshte dar rezā-ye to bast
কস্তুরীর মতো আমার মিসকিন দিলে গিঁট দিও না,		چو نافه بر دلِ مسکینِ من گره مَفِکن	cho nāfe bar del-e moskīn-e man gereh mafekan
তার চুক্তি আছে গিঁটখোলা তোমার জুলফির চূড়ায়।		که عهد با سرِ زلفِ گره‌گشایِ تو بست	ke ‘ahd bā sare zolf-e gereh-goshā-ye to bast
তুমি নিজে আরেক মিলন ছিলে, মিলনের হাওয়া,		تو خود وصالِ دگر بودی ای نسیمِ وصال	to khod vesāl-e degar būdī ey nasīm-e vesāl
ভুল দেখো, দিল আশা বেঁধেছিল তোমার নিষ্ঠায়।		خطا نِگر که دل امید در وفایِ تو بست	khaṭā negar ke del omīd dar vafā-ye to bast
তোমার অত্যাচারে, বলেছিলাম, শহর ছেড়ে যাব;		ز دستِ جورِ تو گفتم زِ شهر خواهم رفت	ze dast-e jowr-e to goftam ze shahr khvāham raft
সে বলে, হাফিজ, যাও, কে শিকল বেঁধেছে পায়?		به خنده گفت که حافظ برو، که پایِ تو بست؟	be khande goft ke Ḥāfez boro, ke pā-ye to bast?
			
খালওয়াতে যে যায় তার আর তামাশা কি দরকার,	33	خلوت گُزیده را به تماشا چه حاجت است	khalvat-gozīde rā be tamāshā che ḥājat ast
দোস্তের গলি থাকতে মরুর দুরাশা কি দরকার?		چون کوی دوست هست به صحرا چه حاجت است	chon kūy-e dūst hast, be ṣaḥrā che ḥājat ast?
প্রিয়জন, তোমার তো খোদার সাথেই প্রয়োজন,		جانا به حاجتی که تو را هست با خدا	jānā! be ḥājati ke to rā hast bā khodā
অন্তত জানতে চাও, আমাদের আসা কি দরকার?		کآخِر دمی بپرس که ما را چه حاجت است	kākher damī bepors ke mā rā che ḥājat ast
ওহে রূপের বাদশা, খোদার দোহাই, জ্বলে যাচ্ছি,		ای پادشاهِ حُسن خدا را بسوختیم	ey pādshāh-e ḥosn, khodā rā, besūkhtīm
ভিখারিকে অন্তত করো জিজ্ঞাসা, কি দরকার?		آخِر سؤال کن که گدا را چه حاجت است	ākher so'āl kon ke gedā rā che ḥājat ast
আমাদের অনেক অভাব, জানার জবান নাই,		اربابِ حاجتیم و زبانِ سؤال نیست	arbāb-e ḥājatīm o zabān-e so'āl nīst
দয়াল হজরতের কাছে আর আশা কি দরকার?		در حضرتِ کریم، تمنا چه حاجت است	dar ḥażrat-e karīm, tamannā che ḥājat ast?
কিসসা কি প্রয়োজন যদি চাও আমাদের খুন,		محتاج قِصه نیست گَرَت قصدِ خون ماست	moḥtāj-e qesse nīst, garet qaṣd-e khūn-e māst
সব তোমারই হলে আমাদের পেষা কি দরকার?		چون رَخت از آن توست، به یغما چه حاجت است	chon rakht az ān-e tost, be yaġmā che ḥājat ast?
দোস্তের উজ্জ্বল আত্মা তো জাহান-দেখানো পেয়ালা,		جامِ جهان نماست ضمیرِ منیرِ دوست	jām-e jahān-namāst ẓamīr-e monīr-e dūst
সেখানে করা নিজের অভাব খোলাসা কি দরকার?		اظهارِ احتیاج، خود آن جا چه حاجت است	izhār-e eḥtiāj, khod ānjā che ḥājat ast?
সেই মাল্লার মানত বহনের দিন চলে গেছে,		آن شد که بارِ منتِ مَلّاح بردمی	ān shod ke bār-e mennat-e mallāḥ bordemī
মুক্তা হাতে এলে আর সমুদ্র শোষা কি দরকার?		گوهر چو دست داد به دریا چه حاجت است	gowhar cho dast dād, be daryā che ḥājat ast?
মিথ্যা দাবিদার, যাও, কাজ নাই তোমার সঙ্গে,		ای مدعی برو که مرا با تو کار نیست	ey modda'ī boro, ke marā bā to kār nīst
প্রিয়জন থাকলে শত্রুর পাশ ঘেঁষা কি দরকার?		اَحباب حاضرند، به اَعدا چه حاجت است	aḥbāb ḥāżerand, be a‘dā che ḥājat ast?
ভিখারি প্রেমিক, বন্ধুর রুহদেয়া ঠোঁট যদি থাকে,		ای عاشقِ گدا چو لبِ روح‌بخشِ یار	ey ‘āsheq-e gedā, cho lab-e rūḥbakhsh-e yār
সে তোমার চাওয়া জানে, আর প্রত্যাশা কি দরকার?		می‌داندت وظیفه، تقاضا چه حاجت است	mīdānadat waẓīfe, taqāzā che ḥājat ast?
হাফিজ, খতম করো, প্রতিভা নিজে প্রকাশ পাক,		حافظ! تو خَتم کن که هنر خود عَیان شود	Ḥāfeẓ! to khatm kon, ke honar khod ‘ayān shavad
প্রতারকের সাথে ঝগড়া তর্কে ভাসা কি দরকার?		با مدعی نزاع و مُحاکا چه حاجت است	bā modda'ī nezā‘ o moḥākā che ḥājat ast?